capital,university,venture,enterprise,accelerator,procurement_before,timedelta,procurement_after,energy_and_semiconductor,finance,ecology,bio,computer,service,lgbm_pred,nn_pred
500000.0,0.0,1.0,0.0,0.0,1182000.0,,0.0,0,0,0,0,0,1,0.2571319992794279,6.2394653e-30
10000.0,0.0,0.0,1.0,0.0,224200.0,,120000.0,0,0,0,0,1,0,0.5673374742781818,1.1506332e-07
240.0,0.0,0.0,1.0,0.0,17660.0,,60660.0,0,0,0,1,0,0,0.609066158933236,0.28297356
3000.0,1.0,0.0,0.0,0.0,13050.0,,0.0,0,0,0,0,1,0,0.8748847239805598,0.3605727
3000.0,0.0,1.0,0.0,1.0,10000.0,359.0,40026.0,0,0,0,0,0,1,0.8465420748011595,0.41807735
1000.0,0.0,0.0,1.0,0.0,1000.0,,0.0,1,0,0,0,0,0,0.4991538499744042,0.5607509
1000.0,0.0,1.0,0.0,1.0,9324.0,513.0,46417.0,0,0,0,0,0,1,0.894610015706682,0.40339804
10000.0,0.0,0.0,1.0,1.0,76000.0,101.0,0.0,0,0,0,0,1,0,0.48118334696741927,0.0056521893
2000.0,0.0,0.0,1.0,0.0,118213.0,,100200.0,0,0,0,0,0,1,0.7608923408631589,0.00035861135
11500.0,1.0,0.0,0.0,0.0,417900.0,,0.0,0,0,0,1,0,0,0.3849094390329777,1.9559884e-13
10000.0,0.0,1.0,0.0,0.0,10000.0,,0.0,0,0,0,0,0,1,0.150490472584522,0.466473
10300.0,0.0,0.0,0.0,0.0,10300.0,,0.0,0,0,0,0,0,1,0.24785591578744245,0.4633382
10.0,0.0,0.0,1.0,1.0,40010.0,688.0,100264.0,0,0,0,0,0,1,0.5849818780065558,0.08185431
9000.0,0.0,1.0,0.0,0.0,31300.0,,0.0,0,0,0,0,1,0,0.5474434351861729,0.15728474
5000.0,0.0,1.0,0.0,0.0,9000.0,,20000.0,0,0,0,0,0,1,0.16536522257620848,0.45084822
5000.0,0.0,0.0,1.0,1.0,5000.0,365.0,100000.0,0,1,0,0,0,0,0.5359813155577116,0.51892465
1000.0,0.0,0.0,1.0,1.0,1000.0,1370.0,80000.0,0,0,0,0,1,0,0.689265438197354,0.5607321
4000.0,0.0,1.0,0.0,1.0,14000.0,196.0,49800.0,0,0,0,0,1,0,0.8506854337256188,0.3563857
10000.0,0.0,1.0,0.0,0.0,10000.0,,0.0,1,0,0,0,0,0,0.150490472584522,0.46647763
5000.0,0.0,0.0,0.0,0.0,5000.0,,0.0,0,0,0,0,1,0,0.17181111805006377,0.51890516
5000.0,0.0,0.0,0.0,0.0,5000.0,,0.0,0,0,0,0,0,1,0.13893528864609947,0.5189191
1.0,0.0,0.0,0.0,0.0,1.0,,0.0,0,0,0,0,0,1,0.6906858024832445,0.5593524
1550.0,0.0,0.0,0.0,0.0,1550.0,,0.0,0,0,0,0,0,1,0.45866389323527007,0.55502903
3000.0,0.0,0.0,0.0,0.0,3000.0,,0.0,0,0,0,1,0,0,0.2680103373527028,0.5398994
1000.0,0.0,0.0,0.0,0.0,1000.0,,0.0,0,0,0,0,1,0,0.610619422084379,0.5607493
5000.0,1.0,0.0,0.0,1.0,35400.0,260.0,130000.0,0,0,0,1,0,0,0.33867445437259835,0.09685749
3070.0,1.0,0.0,1.0,1.0,5770.0,179.0,100990.0,0,0,0,0,1,0,0.744219550716361,0.49313703
8000.0,0.0,0.0,1.0,0.0,26000.0,,95000.0,0,0,0,1,0,0,0.44817309665613164,0.21160549
3000.0,0.0,1.0,0.0,1.0,3000.0,80.0,32993.0,0,0,0,0,1,0,0.7635955163676568,0.53988767
10000.0,0.0,0.0,0.0,0.0,0.0,,0.0,0,0,0,0,0,1,0.0771976937890012,0.52676255
10000.0,0.0,0.0,0.0,0.0,10000.0,,0.0,0,0,0,0,0,1,0.1617277854288445,0.4664722
3000.0,0.0,0.0,1.0,1.0,3000.0,2.0,15000.0,0,0,0,0,1,0,0.7845206423134599,0.5398913
5000.0,0.0,1.0,0.0,0.0,5000.0,,60000.0,0,0,0,0,1,0,0.30864161894738545,0.5189064
100.0,0.0,1.0,0.0,1.0,100.0,388.0,60954.0,0,0,0,1,0,0,0.8596793834620577,0.5606066
100.0,0.0,1.0,0.0,1.0,7600.0,749.0,49948.0,1,0,0,0,0,0,0.7472926162742515,0.44213247
2000.0,0.0,1.0,0.0,1.0,392200.0,703.0,227600.0,0,0,0,0,1,0,0.9412581578932789,3.1077925e-12
1000.0,0.0,0.0,1.0,0.0,737880.0,,2549409.0,0,1,0,0,0,0,0.6301725438551142,2.3705934e-22
2000.0,0.0,0.0,0.0,1.0,2000.0,79.0,1491.0,0,0,0,1,0,0,0.45866389323527007,0.55034184
4500.0,0.0,0.0,0.0,0.0,5000.0,,203000.0,0,0,0,0,0,1,0.13893528864609947,0.51556057
1000.0,0.0,0.0,1.0,1.0,1000.0,59.0,20000.0,0,0,0,0,1,0,0.689265438197354,0.5607321
10000.0,0.0,0.0,1.0,1.0,10000.0,49.0,60000.0,0,0,0,0,1,0,0.5797180005547642,0.46646357
1000.0,0.0,0.0,0.0,0.0,1000.0,,0.0,0,0,0,0,0,1,0.43951955559965006,0.56076294
3000.0,0.0,1.0,0.0,0.0,57960.0,,62375.0,0,0,0,1,0,0,0.7500548603561819,0.018748581
1000.0,0.0,0.0,1.0,0.0,15500.0,,0.0,0,0,0,0,1,0,0.8446300526974341,0.29619294
1000.0,0.0,1.0,0.0,1.0,1000.0,348.0,0.0,0,0,0,0,1,0,0.8084358781155331,0.5607562
1000.0,0.0,0.0,1.0,0.0,1000.0,,1090431.0,0,0,0,1,0,0,0.4991538499744042,0.560745
30.0,1.0,0.0,0.0,0.0,2000.0,,49500.0,1,0,0,0,0,0,0.39206598485333766,0.53851724
200.0,0.0,1.0,0.0,1.0,57703.0,331.0,0.0,0,0,0,0,1,0,0.9177408506948564,0.025615752
1000.0,0.0,0.0,0.0,1.0,41400.0,294.0,30115.0,1,0,0,0,0,0,0.6249596895729707,0.06786725
300.0,0.0,1.0,0.0,1.0,34050.0,543.0,1500765.0,0,0,0,0,1,0,0.9278660541503321,0.11440775
5000.0,0.0,0.0,1.0,0.0,5000.0,,100000.0,0,0,0,0,1,0,0.5752854309822358,0.51891005
5000.0,0.0,1.0,0.0,1.0,219990.0,1034.0,998799.0,0,0,0,0,1,0,0.7940201448242481,2.6284485e-07
3000.0,0.0,1.0,0.0,1.0,6000.0,974.0,7000.0,0,0,0,0,1,0,0.8261777369829209,0.4888398
1000.0,0.0,0.0,1.0,0.0,861420.0,,0.0,1,0,0,0,0,0,0.6301725438551142,5.529263e-26
3200.0,0.0,0.0,1.0,0.0,18200.0,,0.0,0,0,0,0,0,1,0.667596490915843,0.27478385
33000.0,0.0,0.0,1.0,0.0,599500.0,,0.0,1,0,0,0,0,0,0.22705711416970323,8.695096e-20
5000.0,0.0,0.0,1.0,0.0,5000.0,,0.0,0,0,0,0,1,0,0.5752854309822358,0.51891005
1000.0,0.0,0.0,1.0,0.0,141000.0,,33600.0,0,1,0,0,0,0,0.6301725438551142,8.531594e-05
6000.0,0.0,0.0,1.0,0.0,54000.0,,0.0,0,0,0,0,0,1,0.6735220310856684,0.025277227
100.0,1.0,1.0,0.0,0.0,110100.0,,744900.0,0,0,0,1,0,0,0.825530375208021,0.00076523423
1000.0,1.0,0.0,0.0,1.0,675711.0,936.0,0.0,0,0,0,1,0,0,0.6624185706052345,1.5947152e-20
1100.0,1.0,0.0,0.0,0.0,130800.0,,35100.0,0,0,0,1,0,0,0.6978927206981864,0.00016847253
5010.0,1.0,0.0,1.0,1.0,10020.0,1008.0,0.0,0,0,0,1,0,0,0.7097229268962537,0.4337077
10000.0,1.0,0.0,1.0,0.0,0.0,,0.0,0,0,0,1,0,0,0.4050271168715918,0.5267628
1500.0,0.0,1.0,0.0,1.0,31582.0,488.0,4000.0,0,0,0,0,1,0,0.9517210251928206,0.11832103
1000.0,0.0,0.0,0.0,0.0,26200.0,,70740.0,0,0,0,0,1,0,0.8084754136693666,0.16938412
3580.0,0.0,0.0,1.0,0.0,3580.0,,0.0,0,0,0,0,0,1,0.47276239451777696,0.5338319
2000.0,0.0,0.0,1.0,0.0,2000.0,,0.0,0,0,0,0,0,1,0.6206433407753678,0.5503477
1000.0,0.0,1.0,0.0,0.0,1000.0,,0.0,0,0,0,0,0,1,0.6826961399286381,0.5607698
5000.0,0.0,0.0,1.0,1.0,111000.0,597.0,0.0,0,0,0,0,0,1,0.7901764552916873,0.00042286515
2000.0,0.0,0.0,1.0,1.0,2000.0,153.0,20000.0,0,0,0,0,0,1,0.6206433407753678,0.5503477
1000.0,0.0,0.0,1.0,1.0,1000.0,1403.0,0.0,0,0,0,0,1,0,0.689265438197354,0.5607321
10000.0,0.0,0.0,0.0,0.0,10000.0,,0.0,0,0,1,0,0,0,0.1617277854288445,0.46647856
1500.0,0.0,0.0,1.0,1.0,13000.0,1009.0,0.0,0,0,0,0,1,0,0.9172452072654629,0.3418795
1000.0,0.0,0.0,1.0,0.0,0.0,,0.0,0,0,0,1,0,0,0.5649595694981554,0.55953646
2000.0,0.0,0.0,1.0,1.0,2000.0,633.0,60000.0,0,0,0,0,1,0,0.8160039709692737,0.5503338
2000.0,0.0,1.0,0.0,0.0,341998.0,,650001.0,0,0,0,0,0,1,0.8691832489698886,9.327985e-11
1000.0,0.0,1.0,0.0,0.0,63000.0,769.0,375000.0,0,0,0,0,0,1,0.6044468445011975,0.016569108
5000.0,1.0,0.0,0.0,0.0,82000.0,,0.0,1,0,0,0,0,0,0.14445810460978697,0.0030098557
1000.0,1.0,1.0,0.0,0.0,32500.0,,84350.0,0,0,0,0,1,0,0.9278660541503321,0.11744812
3000.0,0.0,0.0,0.0,1.0,191840.0,1105.0,0.0,0,0,0,0,1,0,0.87782764607943,2.1959322e-06
2000.0,0.0,0.0,1.0,0.0,9000.0,,0.0,0,0,0,0,0,1,0.5830570458685568,0.4234131
10.0,1.0,1.0,0.0,0.0,80273.0,,574145.0,0,0,0,0,0,1,0.41682305355774113,0.0058050454
7000.0,1.0,0.0,1.0,1.0,458796.0,906.0,273218.0,0,0,0,1,0,0,0.8344507810833076,1.9900551e-14
1000.0,0.0,0.0,1.0,0.0,1000.0,,0.0,0,0,0,0,0,1,0.4991538499744042,0.5607459
10000.0,0.0,0.0,1.0,0.0,14600.0,,3525.0,0,0,0,0,1,0,0.5419336614266661,0.38953424
1000.0,0.0,0.0,0.0,0.0,2685405.0,,977490.0,1,0,0,0,0,0,0.6624185706052345,0.0
5000.0,0.0,0.0,1.0,1.0,5000.0,1334.0,0.0,0,0,0,0,1,0,0.5752854309822358,0.51891005
9000.0,0.0,0.0,1.0,0.0,9000.0,,0.0,0,0,0,0,1,0,0.4756010550453957,0.4769279
1000.0,1.0,0.0,0.0,0.0,71200.0,,109620.0,0,0,1,0,0,0,0.3783958650552481,0.009573489
735.0,0.0,1.0,0.0,1.0,184785.0,1336.0,0.0,0,0,0,0,1,0,0.9092076410735769,4.5197903e-06
5000.0,0.0,1.0,0.0,1.0,326170.0,881.0,659994.0,0,0,0,0,0,1,0.7263772622550534,1.9739888e-10
1000.0,0.0,0.0,1.0,0.0,93981.0,,605250.0,0,0,0,0,1,0,0.47580610328014944,0.0020592213
3000.0,0.0,0.0,1.0,1.0,113550.0,275.0,401016.0,0,1,0,0,0,0,0.8167260521768317,0.0004415214
36300.0,0.0,0.0,1.0,0.0,296300.0,,500000.0,1,0,0,0,0,0,0.301289977289426,6.5078765e-10
10.0,0.0,0.0,1.0,0.0,112883.0,,119996.0,0,0,0,0,1,0,0.7681902669841414,0.0006414354
3000.0,0.0,0.0,1.0,1.0,3000.0,31.0,51200.0,0,0,0,0,1,0,0.7845206423134599,0.5398913
3000.0,0.0,0.0,0.0,0.0,84300.0,,115100.0,0,0,0,0,1,0,0.6107888654703721,0.0031956136
500.0,1.0,0.0,0.0,1.0,500.0,1477.0,0.0,0,0,0,1,0,0,0.6165007629828861,0.565006
10.0,0.0,1.0,0.0,1.0,290010.0,757.0,350000.0,0,0,0,1,0,0,0.8349113511965799,3.975517e-09
1000.0,0.0,1.0,0.0,0.0,79580.0,,0.0,1,0,0,0,0,0,0.41682305355774113,0.0054477453
5000.0,1.0,0.0,0.0,0.0,85000.0,,0.0,0,0,0,1,0,0,0.14445810460978697,0.002457261
10.0,0.0,1.0,0.0,1.0,1010.0,123.0,62700.0,0,0,0,0,1,0,0.8084358781155331,0.5556295
3000.0,0.0,1.0,0.0,1.0,14000.0,1003.0,38250.0,0,0,0,0,1,0,0.9447640797148203,0.34338534
9800.0,0.0,0.0,0.0,0.0,70019.0,,20000.0,0,0,0,0,0,1,0.10434218224936709,0.00895673
1000.0,1.0,0.0,1.0,1.0,1203040.0,1337.0,0.0,1,0,0,0,0,0,0.6301725438551142,5.0017303e-36
1000.0,0.0,0.0,0.0,1.0,0.0,426.0,0.0,0,0,0,0,0,1,0.47932486957628456,0.5595382
1000.0,0.0,1.0,0.0,1.0,377400.0,972.0,0.0,0,0,0,1,0,0,0.8349113511965799,9.434785e-12
10000.0,0.0,1.0,0.0,0.0,316000.0,,260000.0,0,0,0,0,0,1,0.24100138758984557,2.2919906e-10
10000.0,0.0,0.0,1.0,0.0,155718.0,,300001.0,1,0,0,0,0,0,0.5067931872943917,1.1913422e-05
1000.0,0.0,1.0,0.0,1.0,309000.0,895.0,0.0,0,0,0,0,0,1,0.8349113511965799,9.717314e-10
6500.0,0.0,0.0,0.0,0.0,108000.0,,0.0,0,0,0,0,1,0,0.3499356249490667,0.00044074655
1000.0,0.0,0.0,1.0,1.0,1000.0,237.0,79310.0,0,0,0,0,1,0,0.689265438197354,0.5607321
1000.0,0.0,0.0,0.0,0.0,1000.0,,0.0,0,0,0,0,0,1,0.43951955559965006,0.56076294
5000.0,0.0,1.0,0.0,0.0,707300.0,,0.0,0,0,0,0,0,1,0.7263772622550534,1.2020833e-21
600.0,0.0,0.0,1.0,0.0,8100.0,,28800.0,0,0,0,0,0,1,0.3941002155627327,0.42132002
16540.0,0.0,0.0,0.0,0.0,27200.0,,0.0,0,0,0,0,0,1,0.0966179877304225,0.24278882
200.0,0.0,0.0,0.0,0.0,5200.0,,0.0,0,0,0,0,1,0,0.7216140609406768,0.4798207
1000.0,0.0,1.0,0.0,0.0,20500.0,,357999.0,0,0,0,1,0,0,0.8188138896301428,0.23085108
1000.0,0.0,0.0,1.0,0.0,21225.0,,4500.0,0,0,0,1,0,0,0.5237279363791788,0.22212219
11600.0,0.0,0.0,1.0,0.0,11600.0,,77000.0,0,0,0,0,1,0,0.2591715909308336,0.44978556
1000.0,0.0,1.0,0.0,1.0,1000.0,274.0,50000.0,0,0,0,0,0,1,0.6826961399286381,0.5607698
1000.0,0.0,1.0,0.0,1.0,0.0,1061.0,0.0,0,0,0,0,1,0,0.82538966566816,0.55954915
1000.0,0.0,0.0,0.0,0.0,101000.0,,1121340.0,0,1,0,0,0,0,0.2593651315063033,0.0012814403
9000.0,0.0,1.0,0.0,0.0,23500.0,,545000.0,0,0,0,0,0,1,0.2793634150543818,0.25326973
3000.0,0.0,0.0,1.0,0.0,36852.0,,660447.0,0,0,0,0,0,1,0.7295308489706506,0.078528225
400.0,0.0,1.0,0.0,0.0,189400.0,,91800.0,0,0,0,0,0,1,0.8349113511965799,3.4292466e-06
149500.0,0.0,0.0,1.0,0.0,159670.0,,59750.0,0,0,0,0,1,0,0.4293803715747288,0.0012357831
560.0,0.0,1.0,0.0,0.0,259000.0,,110360.0,0,0,0,0,1,0,0.9092076410735769,3.0167644e-08
3000.0,0.0,0.0,1.0,1.0,53000.0,662.0,240000.0,0,0,0,0,1,0,0.9098955066579096,0.026021242
215000.0,0.0,0.0,1.0,0.0,255491.0,,0.0,0,0,0,0,0,1,0.45006217794791664,9.789476e-06
100000.0,0.0,1.0,1.0,1.0,238870.0,629.0,-19935.0,0,1,0,0,0,0,0.44882772311766755,1.5310221e-06
388000.0,0.0,1.0,0.0,0.0,347727.0,,0.0,0,0,0,0,0,1,0.2571319992794279,1.8020986e-06
275000.0,0.0,1.0,1.0,0.0,250000.0,,0.0,0,1,0,0,0,0,0.44882772311766755,7.2202114e-05
379000.0,1.0,0.0,0.0,0.0,706171.0,,0.0,0,0,0,1,0,0,0.27851705084712614,3.216764e-17
3000.0,0.0,0.0,0.0,0.0,0.0,,0.0,0,0,0,0,0,1,0.21048895680873597,0.5566898
7000.0,0.0,0.0,0.0,0.0,0.0,,0.0,0,0,0,0,1,0,0.17576700905596185,0.5396331
3000.0,0.0,1.0,0.0,0.0,0.0,,0.0,0,0,0,0,1,0,0.6633560353187168,0.5567274
10000.0,0.0,0.0,0.0,0.0,0.0,,0.0,0,0,0,0,1,0,0.10767415419230736,0.52675164
30000.0,0.0,0.0,0.0,0.0,0.0,,0.0,0,0,0,0,0,1,0.23054783320592656,0.44094953
1000.0,0.0,1.0,1.0,0.0,0.0,,0.0,0,0,0,0,1,0,0.8832747601663768,0.5595431
81000.0,0.0,1.0,1.0,0.0,0.0,,0.0,0,1,0,0,0,0,0.6513055637233652,0.24681175
86000.0,0.0,1.0,1.0,0.0,16000.0,,30000.0,0,0,0,0,1,0,0.8232819680463995,0.4076342
50000.0,1.0,0.0,0.0,0.0,100000.0,,0.0,0,0,1,0,0,0,0.0175352711587463,0.0053376555
150000.0,1.0,0.0,0.0,0.0,180000.0,,0.0,0,0,0,1,0,0,0.27851705084712614,0.00030964613
2000.0,1.0,0.0,0.0,0.0,0.0,,0.0,1,0,0,0,0,0,0.5389794966936039,0.55927914
23000.0,0.0,1.0,1.0,0.0,37330.0,,0.0,0,0,1,0,0,0,0.37415498413491677,0.15978286
150000.0,1.0,0.0,1.0,1.0,100.0,378.0,0.0,0,0,0,0,1,0,0.8656481779217723,0.0983631
89000.0,0.0,0.0,0.0,0.0,67994.0,,39990.0,0,0,0,1,0,0,0.19898418325519668,0.114296794
92000.0,1.0,0.0,0.0,1.0,59160.0,606.0,5000.0,0,0,0,0,1,0,0.5974955885150403,0.11526626
60000.0,0.0,0.0,1.0,0.0,9000.0,,0.0,0,0,0,0,1,0,0.39864233139935445,0.49512017
378000.0,0.0,0.0,1.0,0.0,99500.0,,0.0,0,1,0,0,0,0,0.14330243139034504,0.009003341
58000.0,0.0,0.0,0.0,0.0,10000.0,,96000.0,0,0,0,0,0,1,0.19370015828185447,0.4744034
98000.0,0.0,0.0,1.0,0.0,26982.0,,82974.0,0,0,0,0,0,1,0.5046588290770108,0.25119483
154000.0,1.0,0.0,0.0,0.0,217000.0,,0.0,1,0,0,0,0,0,0.27851705084712614,2.7632732e-05
14000.0,0.0,0.0,0.0,1.0,0.0,632.0,0.0,0,0,0,0,0,1,0.14117666168507692,0.5095639
468000.0,0.0,1.0,1.0,0.0,250866.0,,685000.0,0,0,0,0,0,1,0.44882772311766755,1.4588698e-05
117000.0,0.0,0.0,0.0,1.0,1000.0,338.0,10000.0,0,0,0,0,1,0,0.6755513720268055,0.21751308
8000.0,0.0,0.0,1.0,0.0,0.0,,0.0,0,0,0,0,1,0,0.5593388433644286,0.53532475
23000.0,0.0,1.0,0.0,1.0,0.0,218.0,0.0,0,0,0,0,0,1,0.4648633721604211,0.47085044
235000.0,0.0,0.0,1.0,1.0,0.0,126.0,70000.0,0,0,0,0,0,1,0.623245347684842,0.026024729
1280000.0,0.0,1.0,0.0,0.0,402999.0,,399996.0,0,0,0,1,0,0,0.2571319992794279,5.439277e-10
60000.0,1.0,1.0,0.0,0.0,38000.0,,77580.0,1,0,0,0,0,0,0.09324539651093099,0.2270092
2000.0,0.0,0.0,0.0,0.0,2000.0,,0.0,1,0,0,0,0,0,0.45866389323527007,0.5503478
166000.0,0.0,0.0,0.0,0.0,1000.0,,40280.0,0,0,0,1,0,0,0.5538122799333298,0.10660115
91000.0,0.0,0.0,1.0,0.0,11600.0,,1050.0,0,0,0,1,0,0,0.6962742820846463,0.49244222
200000.0,0.0,0.0,0.0,0.0,127453.0,,0.0,0,0,0,0,1,0,0.29000452252755726,0.008526176
102000.0,0.0,0.0,1.0,0.0,582500.0,,0.0,1,0,0,0,0,0,0.45006217794791664,3.7873097e-18
100000.0,0.0,0.0,0.0,0.0,50000.0,,0.0,1,0,0,0,0,0,0.35944938960072953,0.10655138
150000.0,0.0,1.0,0.0,0.0,300008.0,,0.0,0,0,0,0,1,0,0.2806296517792793,8.716469e-08
30000.0,0.0,0.0,1.0,0.0,0.0,,0.0,0,0,0,0,0,1,0.48715070456562476,0.4409448
30000.0,0.0,0.0,0.0,0.0,50000.0,,0.0,0,0,0,1,0,0,0.14422787578545232,0.08778182
10000.0,0.0,0.0,0.0,0.0,0.0,,0.0,0,0,0,1,0,0,0.0771976937890012,0.52676773
100000.0,0.0,0.0,1.0,0.0,22150.0,,80000.0,0,0,0,1,0,0,0.5046588290770108,0.32412595
5000.0,0.0,0.0,1.0,1.0,5000.0,243.0,0.0,0,0,0,0,0,1,0.5359813155577116,0.518924
33000.0,0.0,0.0,0.0,0.0,33060.0,,0.0,0,0,0,0,0,1,0.18265223725413265,0.24893337
4000.0,1.0,0.0,0.0,0.0,0.0,,0.0,1,0,0,0,0,0,0.09771164094857214,0.55244756
10000.0,1.0,0.0,1.0,0.0,0.0,,0.0,0,0,1,0,0,0,0.4050271168715918,0.52676857
6000.0,1.0,0.0,0.0,0.0,0.0,,0.0,0,0,0,0,1,0,0.17576700905596185,0.5439159
1000.0,0.0,0.0,1.0,0.0,0.0,,2328.0,0,0,0,0,0,1,0.5649595694981554,0.5595372
100000.0,0.0,0.0,0.0,0.0,10000.0,,0.0,0,0,1,0,0,0,0.5481209700549015,0.51559806
38000.0,0.0,0.0,0.0,0.0,1000.0,,22300.0,0,0,0,0,0,1,0.3189067205044178,0.50807947
63000.0,0.0,0.0,1.0,0.0,3000.0,,0.0,0,0,0,0,1,0,0.4845059310816555,0.53623444
20000.0,0.0,0.0,1.0,1.0,5000.0,730.0,0.0,1,0,0,0,0,0,0.6783658470063145,0.51013446
153000.0,0.0,0.0,0.0,0.0,0.0,,0.0,0,0,0,0,1,0,0.40835159751712524,0.09129962
20000.0,0.0,0.0,0.0,0.0,0.0,,0.0,0,0,0,0,1,0,0.3786075635279429,0.4837085
10000.0,0.0,1.0,1.0,0.0,5000.0,,0.0,0,0,0,0,1,0,0.44052970031238325,0.51099086
13000.0,0.0,0.0,1.0,0.0,0.0,,0.0,0,0,0,0,1,0,0.4510489911905955,0.51383483
61000.0,0.0,1.0,0.0,0.0,9900.0,,102000.0,0,0,0,0,1,0,0.264518445444929,0.48040032
27000.0,1.0,0.0,0.0,0.0,0.0,,24650.0,0,0,0,1,0,0,0.5095721326872544,0.45372784
18000.0,0.0,0.0,1.0,1.0,0.0,912.0,0.0,0,0,0,0,1,0,0.7119017858067404,0.4923101
37000.0,0.0,0.0,1.0,0.0,7000.0,,30000.0,0,0,0,0,0,1,0.5856381394972036,0.49839503
25000.0,0.0,0.0,1.0,0.0,0.0,,0.0,0,0,0,0,0,1,0.8029633098952286,0.4622686
23000.0,0.0,1.0,0.0,0.0,0.0,,0.0,0,0,0,0,1,0,0.4925548630355912,0.47082287
16000.0,0.0,0.0,0.0,0.0,0.0,,0.0,0,0,0,0,0,1,0.15026577365679689,0.5009535
52000.0,0.0,0.0,1.0,0.0,0.0,,99992.0,0,0,0,0,1,0,0.3493457293736021,0.35061264
2000.0,1.0,0.0,0.0,0.0,0.0,,0.0,1,0,0,0,0,0,0.5389794966936039,0.55927914
100000.0,0.0,1.0,0.0,0.0,0.0,,0.0,0,0,0,0,1,0,0.36282725382586506,0.19126421
58000.0,0.0,1.0,0.0,0.0,0.0,,29400.0,0,0,0,0,1,0,0.140727320749957,0.32747012
23000.0,0.0,1.0,0.0,0.0,3000.0,,32400.0,0,0,0,0,1,0,0.38757831978675666,0.549995
75000.0,0.0,0.0,0.0,0.0,30035.0,,0.0,0,0,0,0,1,0,0.6385501440337603,0.18779707
5000.0,0.0,0.0,0.0,0.0,0.0,,0.0,0,0,0,0,0,1,0.06787986946132717,0.5481672
90000.0,0.0,0.0,0.0,0.0,90000.0,,0.0,0,0,0,0,0,1,0.100141470453765,0.02948913
155000.0,1.0,0.0,0.0,0.0,0.0,,50000.0,1,0,0,0,0,0,0.3012914765768675,0.08865279
58000.0,0.0,1.0,0.0,0.0,11162.0,,50100.0,0,0,0,1,0,0,0.11742373575595937,0.45369104
100000.0,0.0,0.0,0.0,0.0,0.0,,0.0,0,0,0,1,0,0,0.3012914765768675,0.19125989
6000.0,0.0,0.0,0.0,1.0,1000.0,534.0,0.0,0,0,0,0,1,0,0.16448455958169075,0.5616176
45000.0,0.0,1.0,0.0,1.0,0.0,768.0,30000.0,0,0,0,0,1,0,0.5537191888962434,0.37854007
29000.0,0.0,0.0,1.0,0.0,1200.0,,29610.0,0,0,0,0,1,0,0.701836115177337,0.554783
7000.0,0.0,1.0,1.0,1.0,0.0,640.0,28000.0,0,0,0,0,1,0,0.7374394081679113,0.5396137
10000.0,0.0,0.0,1.0,0.0,20000.0,,0.0,0,0,0,0,1,0,0.5241384375612208,0.30636883
94000.0,0.0,0.0,0.0,1.0,5000.0,596.0,25000.0,0,0,0,1,0,0,0.6574653285061911,0.5192099
202000.0,0.0,1.0,0.0,0.0,75000.0,,40690.0,0,0,0,0,0,1,0.1227039529236288,0.018063277
29000.0,0.0,0.0,1.0,1.0,6000.0,545.0,45470.0,0,1,0,0,0,0,0.7645501060374829,0.504978
104000.0,0.0,0.0,1.0,0.0,84000.0,,20000.0,0,0,0,0,0,1,0.14330243139034504,0.06294665
5000.0,0.0,0.0,1.0,0.0,10200.0,,0.0,0,0,0,0,0,1,0.6309549452472148,0.43063632
106000.0,0.0,0.0,1.0,0.0,108780.0,,0.0,0,0,0,0,1,0,0.2084676518255007,0.012645543
9000.0,0.0,0.0,1.0,0.0,0.0,,0.0,0,0,0,0,0,1,0.6020284839045936,0.53104913
4000.0,0.0,0.0,0.0,0.0,0.0,,0.0,0,0,0,0,0,1,0.09771164094857214,0.5524319
1000.0,0.0,0.0,0.0,0.0,0.0,,0.0,0,0,0,0,0,1,0.47932486957628456,0.5595382
9000.0,1.0,0.0,1.0,1.0,0.0,577.0,0.0,0,0,0,1,0,0,0.6020284839045936,0.53105414
90000.0,0.0,0.0,0.0,0.0,0.0,,0.0,0,0,0,0,0,1,0.3878694184792315,0.21913818
500.0,0.0,1.0,0.0,0.0,0.0,,0.0,0,0,0,0,1,0,0.82538966566816,0.5596838
10000.0,0.0,0.0,1.0,0.0,10000.0,,0.0,1,0,0,0,0,0,0.4602516835959289,0.46648213
40000.0,0.0,0.0,0.0,1.0,20999.0,786.0,70000.0,0,0,0,0,1,0,0.7164370728161591,0.334597
15000.0,0.0,0.0,0.0,0.0,0.0,,0.0,0,0,0,0,0,1,0.14516349335467577,0.5052591
12000.0,0.0,1.0,0.0,0.0,0.0,,0.0,0,0,0,0,0,1,0.13596273436614217,0.51817286
15000.0,0.0,0.0,0.0,0.0,15000.0,,0.0,0,0,0,0,1,0,0.23721418991870477,0.41475648
5000.0,0.0,0.0,1.0,0.0,5000.0,,20000.0,0,0,0,0,0,1,0.5359813155577116,0.518924
49000.0,0.0,0.0,1.0,0.0,48383.0,,25293.0,0,0,0,0,0,1,0.1432997565989509,0.15066049
100000.0,0.0,0.0,1.0,0.0,1597500.0,,0.0,0,0,0,0,1,0,0.4293803715747288,0.0
33000.0,0.0,0.0,1.0,1.0,500.0,699.0,29950.0,0,0,0,0,0,1,0.6576078035559018,0.48479673
109000.0,0.0,0.0,0.0,0.0,9000.0,,100000.0,1,0,0,0,0,0,0.44277882519523754,0.51074994
5000.0,0.0,0.0,1.0,0.0,0.0,,68000.0,0,0,0,0,1,0,0.4125429854793541,0.5481663
109000.0,0.0,0.0,1.0,1.0,0.0,387.0,100000.0,0,0,0,0,0,1,0.623245347684842,0.16977495
31000.0,0.0,0.0,1.0,0.0,56000.0,,0.0,0,0,0,0,0,1,0.2294675625966537,0.061569273
35000.0,0.0,0.0,1.0,0.0,25000.0,,0.0,1,0,0,0,0,0,0.2963640449746133,0.3501491
16000.0,0.0,1.0,0.0,1.0,9500.0,625.0,0.0,0,0,0,0,0,1,0.13561226225835127,0.47188544
65000.0,0.0,0.0,1.0,0.0,65000.0,,0.0,0,1,0,0,0,0,0.05331981189647872,0.0798831
55000.0,0.0,1.0,0.0,0.0,80025.0,,0.0,0,0,0,0,1,0,0.021481976315973362,0.02327025
37000.0,0.0,1.0,0.0,0.0,0.0,,32000.0,0,0,0,0,1,0,0.36889893267664997,0.41145235
16000.0,0.0,0.0,1.0,0.0,0.0,,0.0,0,0,0,1,0,0,0.4562871394028334,0.50095385
60000.0,0.0,0.0,1.0,0.0,0.0,,0.0,0,0,0,0,1,0,0.3493457293736021,0.31992158
46000.0,0.0,1.0,0.0,0.0,21000.0,,0.0,0,0,0,0,1,0,0.44378583127705984,0.308239
1000.0,1.0,1.0,0.0,0.0,0.0,,0.0,0,0,0,0,1,0,0.82538966566816,0.55954903
22000.0,0.0,1.0,0.0,0.0,12040.0,,31180.0,0,0,0,0,0,1,0.17503236566529667,0.43693095
26000.0,0.0,0.0,0.0,1.0,0.0,598.0,0.0,0,0,0,0,1,0,0.5381098494764959,0.45796752
1000.0,0.0,0.0,0.0,1.0,0.0,456.0,0.0,0,0,0,0,0,1,0.47932486957628456,0.5595382
100.0,1.0,0.0,0.0,0.0,99100.0,,102000.0,0,0,0,1,0,0,0.2216252936666354,0.0016104281
2000.0,0.0,0.0,0.0,0.0,122000.0,,0.0,0,0,0,0,0,1,0.7069127391025559,0.00027766824
85000.0,0.0,0.0,1.0,0.0,169000.0,,0.0,0,0,0,0,0,1,0.49555374122391277,0.00012104512
13000.0,0.0,0.0,1.0,1.0,23004.0,473.0,50000.0,0,0,0,0,0,1,0.16530216339941858,0.28013235
92000.0,0.0,1.0,0.0,1.0,54000.0,987.0,0.0,0,0,0,0,1,0,0.5413735779729966,0.1195091
277000.0,0.0,0.0,1.0,0.0,108620.0,,126750.0,0,0,0,0,1,0,0.2084676518255007,0.0023781657
2000.0,0.0,0.0,0.0,1.0,0.0,17.0,50000.0,0,0,0,0,1,0,0.730954883942631,0.559278
8000.0,1.0,0.0,0.0,0.0,0.0,,0.0,0,0,0,0,0,1,0.11175761289224993,0.53534055
3000.0,0.0,1.0,0.0,0.0,500.0,,50000.0,0,0,0,0,0,1,0.6120859899958518,0.5614766
42000.0,0.0,0.0,0.0,0.0,19600.0,,63050.0,0,0,0,0,0,1,0.5934669486795479,0.32814145
3000.0,0.0,0.0,0.0,1.0,3000.0,274.0,15000.0,0,0,0,0,1,0,0.5588217542294722,0.5398864
300000.0,0.0,0.0,1.0,0.0,510642.0,,0.0,0,0,0,0,1,0,0.4293803715747288,2.516383e-12
70000.0,0.0,0.0,0.0,0.0,9980.0,,9980.0,1,0,0,0,0,0,0.6311062285281992,0.4917066
93000.0,0.0,0.0,1.0,0.0,166980.0,,0.0,0,0,0,0,1,0,0.4696795155217723,0.00017097592
91000.0,0.0,1.0,0.0,0.0,131200.0,,0.0,0,0,0,1,0,0,0.30536097384093114,0.0018548965
21000.0,0.0,0.0,0.0,0.0,20000.0,,0.0,0,0,0,0,0,1,0.2602109575312412,0.37117478
17000.0,0.0,1.0,0.0,0.0,32497.0,,76580.0,0,0,0,0,1,0,0.2907408176531087,0.18446392
78000.0,0.0,0.0,1.0,1.0,6453.0,420.0,71904.0,0,0,0,0,0,1,0.838028946047163,0.5278376
30000.0,0.0,1.0,0.0,0.0,15000.0,,0.0,0,0,0,0,0,1,0.23940665753091217,0.3921441
2000.0,0.0,0.0,0.0,0.0,1500.0,,0.0,0,0,0,0,1,0,0.6735882535270804,0.5580701
2000.0,0.0,0.0,1.0,0.0,2000.0,,0.0,0,0,0,0,0,1,0.6206433407753678,0.5503477
34000.0,0.0,0.0,0.0,1.0,20050.0,618.0,28210.0,0,0,0,0,0,1,0.4168115495352331,0.3637833
14000.0,0.0,0.0,0.0,0.0,12500.0,,0.0,0,0,0,1,0,0,0.08924455992001418,0.4504883
89000.0,0.0,0.0,0.0,0.0,50.0,,100000.0,0,0,0,0,0,1,0.6501276979220736,0.22568613
40000.0,1.0,0.0,0.0,0.0,25000.0,,30000.0,0,0,0,0,1,0,0.5005123352476765,0.32756466
181000.0,0.0,0.0,1.0,0.0,0.0,,0.0,0,0,0,0,0,1,0.623245347684842,0.060078382
50000.0,0.0,0.0,0.0,0.0,99900.0,,0.0,0,0,0,0,0,1,0.0175352711587463,0.005373329
75000.0,0.0,1.0,0.0,0.0,105000.0,,0.0,0,0,0,0,0,1,0.09583878860996058,0.0072547197
10000.0,0.0,1.0,0.0,0.0,10000.0,,0.0,0,0,0,0,1,0,0.23557173313780141,0.46645907
66000.0,0.0,1.0,0.0,0.0,66120.0,,0.0,0,0,0,0,1,0,0.26499424923116593,0.07625911
14000.0,1.0,0.0,1.0,0.0,6100.0,,20000.0,0,0,0,1,0,0,0.30248130877802293,0.48868722
125000.0,0.0,1.0,0.0,0.0,183950.0,,0.0,0,0,0,0,1,0,0.2806296517792793,0.00012359023
6000.0,1.0,0.0,1.0,1.0,0.0,640.0,0.0,1,0,0,0,0,0,0.5693851372666308,0.54391146
74000.0,1.0,0.0,1.0,0.0,145504.0,,0.0,1,0,0,0,0,0,0.49555374122391277,0.0004505515
135000.0,0.0,0.0,0.0,0.0,9900.0,,250000.0,0,0,0,0,1,0,0.6925335715899011,0.49647915
22000.0,0.0,0.0,0.0,0.0,2000.0,,0.0,0,0,0,0,1,0,0.27839058100694347,0.5585079
44000.0,0.0,0.0,1.0,0.0,83730.0,,0.0,0,0,0,0,1,0,0.17177585876522253,0.013714522
11000.0,0.0,0.0,0.0,1.0,10000.0,554.0,0.0,0,0,0,0,0,1,0.32139657132388183,0.47321454
23000.0,0.0,0.0,0.0,1.0,500.0,24.0,20000.0,0,0,0,0,0,1,0.6255720169718744,0.52508605
42000.0,0.0,0.0,1.0,1.0,16007.0,208.0,3001.0,0,0,0,0,0,1,0.6732948463165577,0.34589827
13000.0,0.0,0.0,0.0,0.0,0.0,,0.0,0,0,0,0,0,1,0.14117666168507692,0.51386726
64000.0,0.0,1.0,0.0,0.0,41000.0,,0.0,0,0,1,0,0,0,0.09324539651093099,0.20921636
70000.0,0.0,0.0,1.0,0.0,70000.0,,0.0,0,0,0,0,0,1,0.3094919881749919,0.06574857
23000.0,0.0,0.0,0.0,0.0,23400.0,,0.0,0,0,0,0,1,0,0.37437545875959904,0.33006084
7000.0,0.0,1.0,0.0,0.0,62000.0,,150000.0,0,0,0,0,0,1,0.4401750246629361,0.01434648
10000.0,0.0,1.0,0.0,0.0,0.0,,0.0,0,0,0,0,0,1,0.07414264607366697,0.5267668
1000.0,0.0,1.0,0.0,1.0,1000.0,83.0,77000.0,0,0,0,0,0,1,0.6826961399286381,0.5607698
30000.0,0.0,1.0,0.0,0.0,44995.0,,0.0,0,0,0,0,1,0,0.21962303825759727,0.11919376
10000.0,0.0,1.0,0.0,0.0,10000.0,,0.0,0,0,0,0,1,0,0.23557173313780141,0.46645907
2000.0,0.0,1.0,0.0,0.0,2000.0,,0.0,0,0,0,0,0,1,0.6992185588723633,0.55034405
50000.0,0.0,0.0,0.0,0.0,0.0,,0.0,0,0,0,1,0,0,0.10852455283154278,0.35852987
10000.0,0.0,0.0,1.0,0.0,10000.0,,0.0,0,0,0,0,1,0,0.5797180005547642,0.46646357
100000.0,0.0,0.0,1.0,0.0,160000.0,,450000.0,0,0,0,1,0,0,0.45006217794791664,0.0003299117
30000.0,0.0,1.0,0.0,0.0,30000.0,,0.0,0,0,0,0,1,0,0.21962303825759727,0.27403674
2000.0,1.0,0.0,0.0,0.0,2000.0,,0.0,0,0,0,0,1,0,0.6735882535270804,0.5503275
100000.0,0.0,0.0,0.0,0.0,100000.0,,0.0,0,0,0,0,0,1,0.08607704412830276,0.01957488
8000.0,0.0,0.0,1.0,0.0,15000.0,,0.0,0,0,0,0,1,0,0.6993530414995387,0.37087116
99000.0,0.0,1.0,0.0,0.0,3000.0,,92000.0,0,0,0,0,0,1,0.42730858033764446,0.43655318
10000.0,0.0,1.0,0.0,0.0,9500.0,,0.0,0,0,1,0,0,0,0.12485170172044147,0.4750824
52000.0,0.0,0.0,1.0,0.0,5000.0,,94600.0,0,1,0,0,0,0,0.43059680601222566,0.54207623
113000.0,0.0,0.0,1.0,0.0,113000.0,,0.0,0,0,0,0,0,1,0.43364692372832025,0.011434346
20000.0,0.0,0.0,1.0,0.0,20000.0,,0.0,0,0,0,0,1,0,0.4979754379100525,0.3648712
49000.0,1.0,0.0,1.0,0.0,34000.0,,0.0,1,0,0,0,0,0,0.16740781573161256,0.274503
30000.0,0.0,1.0,0.0,0.0,30000.0,,0.0,0,0,0,0,1,0,0.21962303825759727,0.27403674
70000.0,1.0,1.0,0.0,0.0,35900.0,,25000.0,1,0,0,0,0,0,0.43154433652259994,0.19621766
50000.0,0.0,0.0,1.0,0.0,0.0,,0.0,0,0,0,0,0,1,0.270995574138979,0.3585207
65000.0,0.0,0.0,0.0,0.0,0.0,,0.0,0,0,0,1,0,0,0.10852455283154278,0.30151433
96000.0,0.0,1.0,0.0,0.0,134711.0,,0.0,0,0,0,0,1,0,0.26738945143757337,0.0016631186
22000.0,0.0,1.0,0.0,0.0,22000.0,,0.0,0,1,0,0,0,0,0.14212909205591426,0.34564668
810.0,1.0,0.0,1.0,0.0,0.0,,0.0,1,0,0,0,0,0,0.5649595694981554,0.5595936
3000.0,0.0,1.0,0.0,0.0,3000.0,,0.0,0,0,0,0,1,0,0.7635955163676568,0.53988767
5000.0,0.0,1.0,0.0,0.0,5000.0,,0.0,0,0,0,0,1,0,0.30864161894738545,0.5189064
50000.0,0.0,0.0,0.0,0.0,70000.0,,0.0,0,0,0,1,0,0,0.03229903050086635,0.039774567
5000.0,0.0,1.0,0.0,0.0,10000.0,,0.0,0,0,0,0,1,0,0.6501595718900242,0.43403336
40000.0,0.0,0.0,0.0,0.0,52247.0,,0.0,1,0,0,0,0,0,0.3461764356626966,0.096713215
6000.0,0.0,0.0,1.0,0.0,6000.0,,0.0,0,0,0,1,0,0,0.6484923576745385,0.508419
23000.0,0.0,0.0,0.0,0.0,22740.0,,0.0,0,0,0,0,0,1,0.24517619820760042,0.34022912
34000.0,0.0,0.0,0.0,0.0,22740.0,,0.0,0,0,0,0,0,1,0.2208563075112692,0.35885742
84000.0,0.0,0.0,1.0,0.0,77720.0,,0.0,0,1,0,0,0,0,0.3094919881749919,0.056887716
151000.0,0.0,0.0,1.0,1.0,29550.0,270.0,170000.0,0,0,0,1,0,0,0.5713626541784591,0.27364784
247000.0,1.0,1.0,0.0,0.0,121000.0,,0.0,0,0,0,0,1,0,0.26738945143757337,0.0034986436
46000.0,0.0,0.0,0.0,1.0,13000.0,747.0,0.0,0,0,0,0,1,0,0.6435903792492872,0.4048499
88000.0,0.0,1.0,0.0,1.0,31000.0,760.0,144000.0,0,0,0,0,0,1,0.43154433652259994,0.19029883
99000.0,0.0,0.0,1.0,0.0,66100.0,,301145.0,0,0,0,0,1,0,0.37075600306885553,0.09672582
32000.0,0.0,0.0,1.0,0.0,4000.0,,25000.0,0,0,0,0,0,1,0.4127698153020874,0.54491293
133000.0,1.0,0.0,1.0,0.0,11500.0,,50063.0,0,0,0,1,0,0,0.6659847128283212,0.4974632
92000.0,1.0,1.0,0.0,0.0,40000.0,,3000.0,0,0,0,0,1,0,0.5793789377959181,0.13170126
272000.0,0.0,1.0,0.0,0.0,113000.0,,0.0,0,0,0,0,0,1,0.2446234349822423,0.0022556484
87000.0,0.0,1.0,0.0,0.0,0.0,,0.0,0,0,0,0,1,0,0.4567519925414775,0.22809142
380000.0,0.0,0.0,1.0,0.0,5000.0,,0.0,0,0,0,0,1,0,0.8602720954095961,0.018288702
100000.0,0.0,1.0,0.0,0.0,150000.0,,100000.0,0,0,0,0,1,0,0.2806296517792793,0.0006518662
15000.0,0.0,0.0,0.0,0.0,0.0,,0.0,0,0,0,0,1,0,0.16620039665053285,0.50523144
2000.0,1.0,0.0,0.0,0.0,0.0,,0.0,0,0,0,0,0,1,0.5389794966936039,0.5592691
4000.0,0.0,0.0,1.0,0.0,0.0,,0.0,0,0,0,1,0,0,0.43658756295119605,0.55242974
20000.0,0.0,0.0,0.0,0.0,0.0,,0.0,0,0,0,1,0,0,0.35208086292706064,0.4837413
20000.0,0.0,0.0,0.0,0.0,0.0,,0.0,0,0,0,0,0,1,0.35208086292706064,0.48373616
3000.0,0.0,0.0,0.0,0.0,0.0,,0.0,0,0,0,0,1,0,0.42431360401065027,0.5567234
5000.0,0.0,0.0,1.0,0.0,5000.0,,0.0,0,0,0,0,0,1,0.5359813155577116,0.518924
325000.0,0.0,1.0,0.0,0.0,254500.0,,155000.0,0,0,0,1,0,0,0.2571319992794279,0.00020480156
1000.0,0.0,0.0,1.0,0.0,81000.0,,223500.0,0,0,0,0,0,1,0.20532580067003575,0.0049485564
666000.0,0.0,0.0,1.0,0.0,431098.0,,900000.0,0,0,0,1,0,0,0.45006217794791664,6.460799e-08
4000.0,0.0,1.0,0.0,0.0,0.0,,0.0,0,0,0,0,1,0,0.3519026806404089,0.5524658
50000.0,0.0,0.0,1.0,0.0,0.0,,0.0,0,0,0,0,1,0,0.3493457293736021,0.35849527
6000.0,0.0,0.0,0.0,0.0,0.0,,0.0,0,0,0,0,1,0,0.17576700905596185,0.543916
100000.0,0.0,0.0,1.0,0.0,20000.0,,1098000.0,0,0,0,0,0,1,0.700525554494544,0.35872906
10000.0,0.0,1.0,0.0,0.0,0.0,,0.0,0,0,0,0,1,0,0.10176681079944289,0.5267557
172000.0,1.0,0.0,0.0,0.0,122000.0,,70800.0,0,0,0,1,0,0,0.26533975925411757,0.015542477
9000.0,0.0,0.0,0.0,1.0,16000.0,680.0,0.0,0,0,0,0,1,0,0.576686528396233,0.36114788
400.0,0.0,0.0,1.0,0.0,400.0,,0.0,0,0,0,0,1,0,0.8197303219638643,0.5638437
14000.0,0.0,0.0,0.0,0.0,0.0,,0.0,0,0,0,0,0,1,0.14117666168507692,0.5095639
145000.0,0.0,1.0,0.0,0.0,157500.0,,428660.0,0,0,0,0,0,1,0.2571319992794279,0.0012709498
70000.0,1.0,1.0,0.0,1.0,32272.0,716.0,75600.0,0,0,0,0,1,0,0.5841685711921252,0.20078492
30000.0,0.0,1.0,0.0,0.0,287594.0,,-42453.0,0,0,0,0,0,1,0.1346169075149628,9.064083e-10
115000.0,0.0,0.0,1.0,0.0,228940.0,,0.0,0,0,0,0,1,0,0.4293803715747288,4.446188e-06
85000.0,0.0,1.0,0.0,0.0,160000.0,,0.0,0,0,0,0,0,1,0.32910520579341,0.00022351742
302000.0,0.0,0.0,1.0,0.0,481497.0,,0.0,0,0,0,0,1,0,0.4293803715747288,1.930115e-11
138000.0,0.0,1.0,0.0,0.0,82000.0,,193200.0,0,0,0,0,1,0,0.10210274052826089,0.04124394
205000.0,0.0,0.0,0.0,0.0,60973.0,,349740.0,0,0,0,0,1,0,0.2432603646445013,0.051118672
414000.0,0.0,0.0,0.0,0.0,114408.0,,0.0,0,0,0,0,0,1,0.26533975925411757,0.0038145483
91000.0,0.0,1.0,0.0,0.0,332234.0,,350976.0,0,0,0,1,0,0,0.31966099422992583,8.556988e-10
55000.0,0.0,0.0,1.0,0.0,10500.0,,0.0,0,0,0,0,1,0,0.34868736956009566,0.46126553
200000.0,0.0,1.0,0.0,0.0,3300.0,,393655.0,0,0,0,0,0,1,0.42568066150747297,0.1568203
215000.0,0.0,0.0,0.0,0.0,180000.0,,50000.0,1,0,0,0,0,0,0.27851705084712614,0.0017862916
166000.0,0.0,0.0,1.0,1.0,46000.0,542.0,150919.0,0,1,0,0,0,0,0.5713626541784591,0.1121043
341000.0,0.0,1.0,0.0,0.0,162000.0,,425770.0,0,0,0,0,0,1,0.2571319992794279,0.00038146973
342000.0,0.0,0.0,1.0,1.0,13500.0,424.0,157624.0,0,0,0,0,1,0,0.8143553519194647,0.35422322
34000.0,0.0,0.0,0.0,1.0,0.0,996.0,0.0,0,0,0,0,1,0,0.41951856278663197,0.4240151
10000.0,0.0,0.0,1.0,0.0,0.0,,0.0,0,0,0,0,1,0,0.46839468462055495,0.5267397
10000.0,1.0,0.0,0.0,0.0,100128.0,,0.0,0,0,0,0,0,1,0.0652079458327229,0.0008369386
76000.0,0.0,0.0,1.0,0.0,1407.0,,0.0,0,0,0,0,0,1,0.8172636622693014,0.39849484
10000.0,0.0,0.0,0.0,0.0,0.0,,0.0,0,0,0,0,0,1,0.0771976937890012,0.52676255
100000.0,0.0,0.0,1.0,1.0,180000.0,274.0,1000000.0,0,0,0,0,0,1,0.45006217794791664,8.4477004e-05
4000.0,0.0,0.0,0.0,0.0,1000.0,,3000.0,0,0,0,0,0,1,0.10785212971194094,0.5588393
100000.0,0.0,1.0,0.0,0.0,0.0,,0.0,0,0,0,0,1,0,0.36282725382586506,0.19126421
100000.0,0.0,1.0,0.0,0.0,0.0,,0.0,0,0,0,0,0,1,0.26307656597571294,0.19126183
98000.0,0.0,1.0,0.0,0.0,5360.0,,89900.0,0,0,1,0,0,0,0.529718309690513,0.517003
651000.0,0.0,0.0,1.0,1.0,10000.0,61.0,39668.0,0,0,0,0,0,1,0.7612414517193125,0.0017170906
242000.0,0.0,0.0,1.0,0.0,138368.0,,414915.0,0,0,0,0,1,0,0.4293803715747288,0.003371805
205000.0,0.0,1.0,0.0,0.0,90000.0,,140085.0,0,0,0,0,1,0,0.10210274052826089,0.010357857
122000.0,0.0,0.0,1.0,1.0,2000.0,184.0,29003.0,0,0,0,0,0,1,0.7814760393726111,0.28546304
312000.0,0.0,0.0,1.0,1.0,84080.0,697.0,99999.0,0,0,0,1,0,0,0.14330243139034504,0.01851806
884000.0,0.0,1.0,0.0,0.0,518515.0,,382200.0,0,0,0,0,1,0,0.2806296517792793,3.9933742e-10
336000.0,0.0,1.0,0.0,0.0,113000.0,,102000.0,0,0,0,0,1,0,0.26738945143757337,0.0027012527
67000.0,0.0,1.0,0.0,0.0,113000.0,,102000.0,1,0,0,0,0,0,0.3145780500752946,0.0034303963
405000.0,0.0,1.0,0.0,0.0,729941.0,,79950.0,0,0,0,0,0,1,0.2571319992794279,1.2516986e-17
68000.0,0.0,0.0,1.0,1.0,0.0,1034.0,0.0,0,0,0,1,0,0,0.6741410354329759,0.29074144
4000.0,0.0,0.0,0.0,0.0,0.0,,0.0,0,0,0,0,0,1,0.09771164094857214,0.5524319
0.0,1.0,0.0,0.0,0.0,0.0,,0.0,0,0,0,0,1,0,0.6372242284279818,0.5593527
261000.0,1.0,1.0,1.0,0.0,21130.0,,0.0,0,0,0,1,0,0,0.488272556431353,0.427368
60.0,1.0,0.0,0.0,0.0,0.0,,0.0,0,0,0,0,1,0,0.6372242284279818,0.55939794
1000.0,1.0,0.0,0.0,0.0,0.0,,0.0,0,0,0,0,1,0,0.6372242284279818,0.55954784
68000.0,1.0,0.0,0.0,0.0,13000.0,,230000.0,0,0,0,1,0,0,0.573509960981535,0.4351853
5000.0,1.0,0.0,0.0,0.0,0.0,,0.0,1,0,0,0,0,0,0.06787986946132717,0.5481854
15000.0,1.0,0.0,0.0,0.0,9000.0,,0.0,0,0,0,1,0,0,0.07802950274471261,0.4779083
10000.0,1.0,0.0,1.0,0.0,2500.0,,0.0,0,0,0,1,0,0,0.24216441078600906,0.5406728
95000.0,1.0,0.0,0.0,0.0,170000.0,,0.0,0,0,0,1,0,0,0.27851705084712614,0.00014662743
31000.0,1.0,0.0,0.0,1.0,0.0,953.0,0.0,0,0,0,0,1,0,0.3262927079201455,0.4366809
10000.0,1.0,0.0,0.0,0.0,10000.0,,0.0,1,0,0,0,0,0,0.1617277854288445,0.4664755
14000.0,0.0,0.0,1.0,0.0,0.0,,0.0,0,0,0,0,1,0,0.4510489911905955,0.50953144
58000.0,1.0,0.0,0.0,0.0,0.0,,0.0,1,0,0,0,0,0,0.10852455283154278,0.3275069
74000.0,0.0,0.0,1.0,1.0,100.0,306.0,59788.0,0,0,0,0,1,0,0.8895983778286065,0.2786287
70000.0,0.0,0.0,0.0,0.0,0.0,,0.0,0,1,0,0,0,0,0.3878694184792315,0.2836896
187000.0,0.0,0.0,1.0,0.0,201000.0,,172117.0,0,0,0,1,0,0,0.45006217794791664,0.00019663572
252000.0,1.0,0.0,0.0,0.0,252820.0,,200000.0,0,0,0,0,1,0,0.3039000214447708,3.188255e-05
300.0,0.0,1.0,0.0,0.0,300.0,,0.0,0,0,0,0,0,1,0.8151796244207025,0.56281364
118000.0,0.0,1.0,0.0,0.0,228636.0,,0.0,0,0,0,0,0,1,0.2571319992794279,4.9087553e-06
460000.0,0.0,0.0,0.0,0.0,860250.0,,0.0,0,0,0,0,0,1,0.27851705084712614,7.2907845e-21
203000.0,0.0,1.0,0.0,0.0,345000.0,,0.0,0,0,0,0,0,1,0.2571319992794279,1.6113917e-08
567000.0,0.0,1.0,0.0,1.0,639416.0,639.0,542520.0,0,0,0,0,0,1,0.2571319992794279,4.0864778e-13
35000.0,0.0,0.0,1.0,0.0,5000.0,,0.0,0,0,0,0,0,1,0.6170944426753264,0.53133345
214000.0,0.0,1.0,0.0,0.0,87700.0,,110000.0,0,0,0,0,0,1,0.058963226165700634,0.008813381
750000.0,0.0,0.0,1.0,0.0,1500000.0,,0.0,1,0,0,0,0,0,0.45006217794791664,1.6116423e-36
518000.0,0.0,0.0,0.0,0.0,64990.0,,66066.0,0,0,0,0,1,0,0.2432603646445013,0.19197527
999000.0,0.0,0.0,1.0,0.0,1297513.0,,699995.0,0,0,0,0,1,0,0.4293803715747288,1.0154005e-27
102000.0,0.0,1.0,0.0,0.0,33303.0,,29994.0,0,0,0,0,1,0,0.4978039365534524,0.17909673
69000.0,0.0,1.0,0.0,0.0,4000.0,,30520.0,0,0,0,0,1,0,0.6859708647367594,0.5329055
175000.0,0.0,1.0,0.0,0.0,30000.0,,119720.0,0,0,0,0,0,1,0.3488161529719115,0.29469424
30000.0,0.0,0.0,0.0,0.0,7000.0,,8100.0,0,0,0,0,1,0,0.3063428088650197,0.48846617
193000.0,0.0,0.0,1.0,0.0,1000.0,,40000.0,0,0,0,1,0,0,0.8109587947281098,0.06966439
411000.0,0.0,0.0,1.0,0.0,805000.0,,775000.0,0,0,0,0,1,0,0.4293803715747288,8.799269e-20
100000.0,0.0,0.0,0.0,0.0,723004.0,,1188106.0,0,0,0,1,0,0,0.27851705084712614,4.8478014e-23
90000.0,0.0,0.0,0.0,1.0,390600.0,247.0,0.0,0,1,0,0,0,0,0.3525280025885076,7.862606e-12
218000.0,0.0,1.0,1.0,0.0,48250.0,,40000.0,0,0,0,0,0,1,0.4942388748838813,0.12605482
50.0,0.0,0.0,0.0,0.0,0.0,,0.0,0,0,0,0,0,1,0.47932486957628456,0.55938953
224000.0,0.0,0.0,1.0,0.0,447000.0,,0.0,1,0,0,0,0,0,0.45006217794791664,2.668753e-11
51000.0,0.0,0.0,1.0,0.0,0.0,,50000.0,0,0,0,0,1,0,0.3493457293736021,0.35454407
10000.0,0.0,0.0,1.0,0.0,0.0,,0.0,0,0,0,0,0,1,0.4050271168715918,0.5267578
97000.0,0.0,0.0,0.0,0.0,97000.0,,0.0,0,0,0,0,0,1,0.07313250733516097,0.022144854
12000.0,1.0,1.0,0.0,0.0,0.0,,5000.0,0,0,0,0,1,0,0.15338118179950613,0.5181474
30000.0,0.0,0.0,1.0,0.0,20500.0,,39960.0,0,0,0,0,1,0,0.46050402418877934,0.38177738
29000.0,0.0,0.0,1.0,1.0,0.0,1095.0,0.0,0,0,0,0,1,0,0.8039251348706066,0.44516736
10000.0,0.0,0.0,1.0,0.0,0.0,,0.0,0,0,0,0,1,0,0.46839468462055495,0.5267397
50000.0,0.0,0.0,0.0,0.0,50000.0,,0.0,0,1,0,0,0,0,0.0961198149790725,0.14014882
6000.0,0.0,0.0,0.0,0.0,0.0,,0.0,0,0,0,0,1,0,0.17576700905596185,0.543916
125000.0,0.0,0.0,1.0,1.0,1000.0,8.0,130000.0,0,0,0,0,1,0,0.8634659863466687,0.1949217
66000.0,0.0,1.0,0.0,1.0,108990.0,963.0,0.0,1,0,0,0,0,0,0.3145780500752946,0.0043881834
117000.0,0.0,1.0,0.0,0.0,55125.0,,183978.0,0,0,0,0,1,0,0.45930642961437096,0.07517806
100000.0,0.0,0.0,1.0,0.0,10000.0,,12500.0,0,1,0,0,0,0,0.7612414517193125,0.5155974
51000.0,1.0,0.0,1.0,0.0,20000.0,,99000.0,0,0,0,1,0,0,0.26941326023028817,0.29336995
274000.0,0.0,0.0,1.0,1.0,145970.0,915.0,808680.0,0,0,0,0,0,1,0.45006217794791664,0.0016688108
280000.0,0.0,1.0,0.0,0.0,80000.0,,400000.0,0,0,0,0,0,1,0.058963226165700634,0.020646602
300000.0,0.0,0.0,0.0,0.0,0.0,,200000.0,0,0,1,0,0,0,0.3012914765768675,0.009265274
59000.0,0.0,0.0,0.0,0.0,59000.0,,0.0,0,0,0,0,0,1,0.0961198149790725,0.10047126
13000.0,0.0,0.0,0.0,0.0,0.0,,0.0,0,0,0,0,1,0,0.16174511875899078,0.51383966
104000.0,0.0,1.0,0.0,0.0,193500.0,,88637.0,0,1,0,0,0,0,0.2571319992794279,3.7373895e-05
10000.0,0.0,0.0,0.0,0.0,0.0,,0.0,0,0,0,0,0,1,0.0771976937890012,0.52676255
36000.0,0.0,0.0,1.0,0.0,0.0,,0.0,0,0,0,0,1,0,0.6656789418101315,0.41562057
20000.0,0.0,0.0,0.0,0.0,0.0,,0.0,0,0,0,0,0,1,0.35208086292706064,0.48373616
3000.0,0.0,0.0,0.0,0.0,3000.0,,0.0,0,0,0,0,0,1,0.2680103373527028,0.5399003
15000.0,0.0,0.0,0.0,0.0,0.0,,0.0,0,0,0,0,0,1,0.14516349335467577,0.5052591
20000.0,0.0,0.0,0.0,0.0,0.0,,0.0,0,0,0,0,0,1,0.35208086292706064,0.48373616
5000.0,1.0,0.0,0.0,0.0,5000.0,,0.0,1,0,0,0,0,0,0.13893528864609947,0.5189227
3000.0,0.0,0.0,0.0,0.0,3000.0,,0.0,0,0,0,0,1,0,0.5588217542294722,0.5398864
2000.0,0.0,0.0,1.0,0.0,2086.0,,0.0,0,0,0,0,0,1,0.563612979105359,0.5488775
25000.0,0.0,0.0,1.0,0.0,0.0,,0.0,0,0,0,0,1,0,0.8039251348706066,0.4622411
61000.0,0.0,0.0,0.0,0.0,0.0,,0.0,0,0,0,0,1,0,0.16384561952333332,0.31619012
35000.0,0.0,0.0,1.0,0.0,5000.0,,0.0,0,0,0,0,0,1,0.6170944426753264,0.53133345
4000.0,0.0,0.0,1.0,0.0,0.0,,0.0,0,0,0,1,0,0,0.43658756295119605,0.55242974
3000.0,0.0,0.0,0.0,0.0,0.0,,0.0,0,0,0,0,0,1,0.21048895680873597,0.5566898
50000.0,0.0,0.0,0.0,0.0,0.0,,0.0,0,0,0,0,0,1,0.10852455283154278,0.3585251
9000.0,0.0,0.0,0.0,0.0,9000.0,,0.0,0,0,0,0,0,1,0.09734588878170083,0.47693658
688000.0,0.0,0.0,0.0,0.0,1334000.0,,1175999.0,0,0,0,1,0,0,0.27851705084712614,2.624375e-32
5000.0,0.0,0.0,0.0,0.0,0.0,,0.0,0,0,0,0,1,0,0.08966093056075303,0.54819244
3000.0,0.0,0.0,1.0,0.0,0.0,,0.0,0,0,0,0,1,0,0.6982041594123976,0.55669737
24000.0,0.0,0.0,0.0,0.0,2000.0,,0.0,0,0,0,0,0,1,0.3794729175338379,0.55742925
1000.0,0.0,0.0,1.0,0.0,1000.0,,150000.0,0,0,0,0,0,1,0.4991538499744042,0.5607459
30000.0,0.0,0.0,1.0,0.0,0.0,,0.0,0,0,0,0,0,1,0.48715070456562476,0.4409448
2000.0,0.0,0.0,0.0,1.0,0.0,1004.0,0.0,0,0,0,0,1,0,0.730954883942631,0.559278
1000.0,0.0,0.0,1.0,0.0,0.0,,0.0,0,0,0,0,1,0,0.730691195800593,0.5595419
9000.0,0.0,0.0,0.0,0.0,0.0,,0.0,0,0,0,0,1,0,0.21144526435713007,0.53105026
30000.0,0.0,1.0,0.0,0.0,0.0,,0.0,0,0,0,0,0,1,0.19560909812163327,0.44095373
30000.0,0.0,1.0,0.0,0.0,0.0,,0.0,0,0,0,0,1,0,0.25963578473639765,0.44092643
20000.0,0.0,0.0,0.0,0.0,0.0,,0.0,0,1,0,0,0,0,0.35208086292706064,0.48373625
40000.0,0.0,0.0,1.0,0.0,0.0,,0.0,0,1,0,0,0,0,0.7372236930563892,0.39901784
5000.0,0.0,1.0,0.0,0.0,0.0,,0.0,0,0,0,0,1,0,0.18180735084785682,0.5481965
35000.0,0.0,1.0,0.0,0.0,59450.0,,42100.0,0,0,0,0,1,0,0.3048771861925326,0.054426163
24000.0,0.0,0.0,0.0,0.0,7000.0,,16500.0,0,1,0,0,0,0,0.42103164637840435,0.479994
31000.0,0.0,0.0,1.0,0.0,0.0,,0.0,0,0,0,0,1,0,0.5771974444660782,0.43667626
10000.0,0.0,0.0,1.0,0.0,0.0,,0.0,0,0,0,0,1,0,0.46839468462055495,0.5267397
30000.0,1.0,0.0,1.0,0.0,0.0,,0.0,0,0,0,0,1,0,0.5522562001558282,0.4409174
5000.0,0.0,0.0,1.0,0.0,0.0,,0.0,0,0,0,0,0,1,0.366548881139613,0.54816246
11000.0,0.0,0.0,0.0,1.0,0.0,913.0,0.0,0,0,0,1,0,0,0.2072828722753209,0.52247244
5000.0,0.0,0.0,1.0,0.0,0.0,,0.0,0,0,0,0,0,1,0.366548881139613,0.54816246
500.0,0.0,0.0,1.0,0.0,500.0,,0.0,0,0,0,0,1,0,0.8197303219638643,0.5649428
5000.0,0.0,1.0,0.0,0.0,0.0,,0.0,0,0,0,0,1,0,0.18180735084785682,0.5481965
10000.0,0.0,0.0,0.0,0.0,0.0,,0.0,0,0,0,0,1,0,0.10767415419230736,0.52675164
20000.0,0.0,0.0,1.0,0.0,0.0,,0.0,0,0,0,0,1,0,0.7119017858067404,0.48370373
5000.0,0.0,1.0,0.0,0.0,0.0,,0.0,0,0,0,0,1,0,0.18180735084785682,0.5481965
30000.0,0.0,1.0,0.0,0.0,0.0,,0.0,0,0,0,0,1,0,0.25963578473639765,0.44092646
100000.0,0.0,1.0,0.0,0.0,0.0,,0.0,0,0,0,0,1,0,0.36282725382586506,0.19126421
13000.0,0.0,0.0,1.0,0.0,1000.0,,0.0,0,0,0,0,0,1,0.33524061404109035,0.56096506
2000.0,0.0,0.0,1.0,1.0,0.0,394.0,0.0,0,0,0,0,1,0,0.8644254194762193,0.559272
30000.0,0.0,0.0,1.0,0.0,0.0,,0.0,0,0,0,0,1,0,0.5522562001558282,0.44091752
1000.0,0.0,0.0,0.0,0.0,1000.0,,0.0,0,0,0,1,0,0,0.43951955559965006,0.56076384
500.0,0.0,0.0,0.0,0.0,0.0,,0.0,0,0,0,0,1,0,0.6372242284279818,0.55968297
2000.0,0.0,0.0,1.0,1.0,0.0,316.0,0.0,0,0,0,0,1,0,0.8644254194762193,0.559272
41000.0,0.0,0.0,1.0,1.0,0.0,588.0,0.0,0,0,0,0,1,0,0.8118807652360167,0.39486843
5000.0,0.0,0.0,0.0,0.0,0.0,,0.0,1,0,0,0,0,0,0.06787986946132717,0.5481855
5000.0,0.0,0.0,1.0,0.0,0.0,,0.0,0,0,0,0,1,0,0.4125429854793541,0.5481663
10000.0,0.0,0.0,1.0,0.0,0.0,,0.0,0,0,0,0,1,0,0.46839468462055495,0.5267397
3000.0,0.0,0.0,0.0,0.0,0.0,,0.0,0,0,0,0,0,1,0.21048895680873597,0.5566898
4000.0,0.0,1.0,0.0,0.0,0.0,,0.0,0,0,0,1,0,0,0.21285200776632138,0.5524387
5000.0,0.0,0.0,0.0,0.0,0.0,,0.0,0,0,0,0,1,0,0.08966093056075303,0.54819244
5000.0,0.0,0.0,1.0,0.0,5000.0,,0.0,0,0,0,1,0,0,0.5359813155577116,0.5189231
5000.0,0.0,0.0,0.0,0.0,5000.0,,0.0,0,0,0,0,0,1,0.13893528864609947,0.5189191
2000.0,0.0,1.0,0.0,0.0,2000.0,,0.0,0,0,0,0,1,0,0.8474088958795414,0.55033016
3000.0,0.0,1.0,0.0,0.0,3000.0,,0.0,0,0,0,0,0,1,0.48768039351177606,0.53990155
20000.0,0.0,1.0,0.0,0.0,20000.0,,0.0,0,0,0,0,1,0,0.3448362969055028,0.36486706
120000.0,0.0,0.0,1.0,0.0,120000.0,,0.0,0,1,0,0,0,0,0.43364692372832025,0.008547097
9000.0,0.0,0.0,0.0,0.0,9000.0,,0.0,0,1,0,0,0,0,0.09734588878170083,0.47693717
23000.0,0.0,0.0,1.0,0.0,23000.0,,0.0,0,0,0,0,0,1,0.33563489545370706,0.33621478
5000.0,0.0,0.0,1.0,0.0,5000.0,,0.0,0,0,0,1,0,0,0.5359813155577116,0.5189231
9550.0,0.0,0.0,1.0,0.0,9550.0,,0.0,0,0,0,0,0,1,0.4115347767132695,0.47118336
3000.0,0.0,0.0,0.0,0.0,3000.0,,0.0,0,0,0,0,0,1,0.2680103373527028,0.5399003
2050.0,0.0,1.0,0.0,0.0,2050.0,,0.0,0,0,0,0,1,0,0.6572902280347857,0.54980904
5000.0,0.0,0.0,1.0,0.0,5000.0,,0.0,0,0,0,0,1,0,0.5752854309822358,0.51891005
1000.0,0.0,0.0,0.0,0.0,1000.0,,0.0,0,0,0,0,0,1,0.43951955559965006,0.56076294
12000.0,0.0,0.0,1.0,0.0,12000.0,,0.0,0,1,0,0,0,0,0.1658870551459373,0.44564652
1440.0,0.0,0.0,0.0,0.0,1440.0,,0.0,0,0,0,0,1,0,0.6640300705749923,0.5561634
12000.0,0.0,0.0,1.0,0.0,212000.0,,0.0,0,0,0,1,0,0,0.33963704082092133,2.1189578e-07
4000.0,0.0,0.0,0.0,0.0,4000.0,,0.0,0,0,0,0,0,1,0.12210844788861913,0.52942276
3000.0,0.0,0.0,0.0,0.0,3000.0,,0.0,0,0,0,0,0,1,0.2680103373527028,0.5399003
5000.0,0.0,0.0,0.0,0.0,5000.0,,0.0,0,0,0,0,0,1,0.13893528864609947,0.5189191
7000.0,0.0,0.0,0.0,0.0,7000.0,,0.0,0,0,0,0,1,0,0.21111560434925294,0.49790305
1000.0,0.0,1.0,0.0,0.0,1000.0,,0.0,0,0,0,0,1,0,0.8084358781155331,0.5607562
100.0,0.0,0.0,0.0,0.0,210600.0,,270000.0,0,0,0,1,0,0,0.6624185706052345,8.5036265e-07
2000.0,0.0,0.0,0.0,0.0,2000.0,,0.0,0,0,0,0,0,1,0.45866389323527007,0.5503428
3000.0,0.0,1.0,0.0,0.0,3000.0,,2000.0,0,0,0,0,1,0,0.7635955163676568,0.53988767
1000.0,0.0,0.0,1.0,0.0,1000.0,,0.0,0,0,0,0,1,0,0.689265438197354,0.5607321
1000.0,0.0,1.0,0.0,0.0,1000.0,,0.0,0,0,0,0,0,1,0.6826961399286381,0.5607698
1000.0,0.0,0.0,0.0,0.0,1000.0,,0.0,0,0,0,0,0,1,0.43951955559965006,0.56076294
3000.0,0.0,0.0,0.0,0.0,3000.0,,0.0,0,0,0,0,0,1,0.2680103373527028,0.5399003
500.0,0.0,1.0,0.0,0.0,31000.0,,0.0,0,0,0,0,1,0,0.9278660541503321,0.13454917
8000.0,0.0,1.0,0.0,0.0,8000.0,,0.0,0,0,0,0,0,1,0.13503716615838143,0.48742208
3600.0,0.0,0.0,0.0,0.0,3600.0,,0.0,0,0,0,0,1,0,0.2627142734365378,0.5336035
3000.0,0.0,0.0,1.0,0.0,3000.0,,0.0,0,0,0,0,0,1,0.5357207202893571,0.5399052
100.0,0.0,0.0,1.0,1.0,100.0,157.0,0.0,1,0,0,0,0,0,0.7394390358228702,0.56054395
10000.0,0.0,0.0,0.0,0.0,10000.0,,0.0,0,0,0,0,1,0,0.2549390369173084,0.46645832
1000.0,0.0,0.0,0.0,0.0,1000.0,,0.0,0,0,0,0,1,0,0.610619422084379,0.5607493
5000.0,0.0,0.0,1.0,0.0,5000.0,,0.0,0,0,0,0,0,1,0.5359813155577116,0.518924
5000.0,0.0,0.0,1.0,0.0,5000.0,,0.0,0,0,0,0,0,1,0.5359813155577116,0.518924
500.0,0.0,0.0,1.0,0.0,500.0,,0.0,1,0,0,0,0,0,0.671383582808208,0.5649748
1000.0,0.0,0.0,0.0,0.0,1000.0,,0.0,1,0,0,0,0,0,0.43951955559965006,0.56076694
500.0,0.0,0.0,0.0,0.0,500.0,,0.0,0,1,0,0,0,0,0.6165007629828861,0.5650179
15000.0,0.0,1.0,0.0,0.0,16000.0,,0.0,0,0,0,0,1,0,0.21879798645780374,0.39809826
1000.0,0.0,0.0,1.0,0.0,1000.0,,0.0,0,1,0,0,0,0,0.4991538499744042,0.56074655
8500.0,0.0,0.0,0.0,0.0,8500.0,,0.0,0,0,0,0,1,0,0.14811516255320312,0.482163
10000.0,0.0,0.0,0.0,0.0,10000.0,,0.0,1,0,0,0,0,0,0.1617277854288445,0.46647686
10000.0,0.0,0.0,1.0,0.0,10000.0,,0.0,0,0,0,0,1,0,0.5797180005547642,0.46646357
10000.0,0.0,1.0,0.0,0.0,150000.0,,0.0,0,0,0,0,0,1,0.24100138758984557,1.7562792e-05
500.0,0.0,0.0,0.0,0.0,500.0,,0.0,0,0,0,0,1,0,0.7627382113922084,0.5650125
1000.0,0.0,0.0,1.0,0.0,1000.0,,0.0,0,0,0,0,0,1,0.4991538499744042,0.5607459
3000.0,0.0,0.0,1.0,0.0,3000.0,,0.0,0,0,0,0,0,1,0.5357207202893571,0.53990525
300000.0,0.0,1.0,0.0,0.0,300000.0,,0.0,0,0,0,0,0,1,0.2571319992794279,4.495425e-06
1000.0,0.0,0.0,0.0,0.0,1000.0,,0.0,0,0,0,0,1,0,0.610619422084379,0.5607493
1500.0,0.0,1.0,0.0,0.0,1500.0,,0.0,0,0,0,0,1,0,0.841744788672256,0.55554414
1000.0,0.0,0.0,0.0,0.0,6000.0,,0.0,0,0,0,0,0,1,0.584205722900674,0.46816593
5000.0,0.0,0.0,0.0,0.0,5000.0,,0.0,0,0,0,1,0,0,0.13893528864609947,0.5189182
8880.0,0.0,0.0,0.0,0.0,8880.0,,0.0,0,0,0,0,1,0,0.14811516255320312,0.47817993
2000.0,0.0,0.0,0.0,0.0,2850.0,,0.0,0,0,0,0,1,0,0.7686238605048608,0.5359474
10000.0,0.0,0.0,0.0,0.0,10000.0,,0.0,0,0,0,0,0,1,0.1617277854288445,0.4664722
2500.0,0.0,0.0,1.0,0.0,2500.0,,0.0,0,0,0,0,1,0,0.6734194365685409,0.5451175
1000.0,0.0,0.0,1.0,0.0,1000.0,,0.0,0,0,0,0,1,0,0.689265438197354,0.5607321
2000.0,0.0,0.0,0.0,0.0,2000.0,,0.0,0,0,0,0,0,1,0.45866389323527007,0.5503428
8000.0,0.0,0.0,1.0,0.0,8000.0,,0.0,0,0,0,0,0,1,0.36017809021680186,0.48742658
5010.0,0.0,0.0,1.0,0.0,5010.0,,0.0,0,0,0,0,1,0,0.6810408410985379,0.5188049
10000.0,0.0,1.0,0.0,0.0,10000.0,,0.0,0,0,0,0,1,0,0.23557173313780141,0.46645907
1000.0,0.0,0.0,1.0,0.0,1000.0,,0.0,0,0,0,0,1,0,0.689265438197354,0.5607321
9000.0,0.0,0.0,0.0,0.0,9000.0,,0.0,0,0,0,0,0,1,0.09734588878170083,0.4769366
