capital,university,venture,enterprise,accelerator,procurement_before,procurement_after,energy_and_semiconductor,finance,ecology,bio,computer,service,lgbm_pred
,0.0,0.0,0.0,0.0,0.0,0.0,0,0,0,0,1,0,0.3613409877969113
,0.0,0.0,1.0,1.0,0.0,0.0,0,0,0,0,1,0,0.5070850671635384
,0.0,0.0,0.0,0.0,0.0,0.0,0,0,0,0,0,1,0.10502666257520672
,1.0,1.0,0.0,1.0,0.0,0.0,0,0,0,1,0,0,0.5772978356839239
500000.0,0.0,1.0,0.0,0.0,1182000.0,0.0,0,0,0,0,0,1,0.2823606374953429
10000.0,0.0,0.0,1.0,0.0,224200.0,120000.0,0,0,0,0,1,0,0.5033341601635903
,0.0,0.0,0.0,0.0,0.0,0.0,0,0,0,0,1,0,0.3613409877969113
240.0,0.0,0.0,1.0,0.0,17660.0,60660.0,0,0,0,1,0,0,0.3894704532569104
3000.0,1.0,0.0,0.0,0.0,13050.0,0.0,0,0,0,0,1,0,0.8015676592182513
3000.0,0.0,1.0,0.0,1.0,10000.0,40026.0,0,0,0,0,0,1,0.8072175467771757
1000.0,0.0,0.0,1.0,0.0,1000.0,0.0,1,0,0,0,0,0,0.5619984920072213
1000.0,0.0,1.0,0.0,1.0,9324.0,46417.0,0,0,0,0,0,1,0.8654868862636638
10000.0,0.0,0.0,1.0,1.0,76000.0,0.0,0,0,0,0,1,0,0.48075240957239507
2000.0,0.0,0.0,1.0,0.0,118213.0,100200.0,0,0,0,0,0,1,0.7511016827414626
11500.0,1.0,0.0,0.0,0.0,417900.0,0.0,0,0,0,1,0,0,0.5326666618998239
10000.0,0.0,1.0,0.0,0.0,10000.0,0.0,0,0,0,0,0,1,0.24914847955725292
,0.0,0.0,0.0,0.0,0.0,0.0,0,0,0,0,0,1,0.10502666257520672
,0.0,0.0,0.0,0.0,0.0,0.0,0,0,0,0,1,0,0.3613409877969113
,0.0,0.0,0.0,0.0,0.0,0.0,0,0,0,0,0,1,0.10502666257520672
,0.0,0.0,1.0,0.0,0.0,0.0,0,1,0,0,0,0,0.25019712817598383
,0.0,0.0,0.0,0.0,0.0,0.0,0,0,0,0,1,0,0.3613409877969113
,0.0,1.0,0.0,0.0,0.0,0.0,0,0,0,0,1,0,0.5088021900677155
,0.0,1.0,0.0,0.0,0.0,0.0,0,0,0,0,1,0,0.5088021900677155
10300.0,0.0,0.0,0.0,0.0,10300.0,0.0,0,0,0,0,0,1,0.7352087864408455
10.0,0.0,0.0,1.0,1.0,40010.0,100264.0,0,0,0,0,0,1,0.61586617051223
9000.0,0.0,1.0,0.0,0.0,31300.0,0.0,0,0,0,0,1,0,0.7147579923564882
5000.0,0.0,1.0,0.0,0.0,9000.0,20000.0,0,0,0,0,0,1,0.3164880423634472
,0.0,1.0,0.0,0.0,0.0,0.0,0,0,0,0,1,0,0.5088021900677155
5000.0,0.0,0.0,1.0,1.0,5000.0,100000.0,0,1,0,0,0,0,0.5360584404940407
1000.0,0.0,0.0,1.0,1.0,1000.0,80000.0,0,0,0,0,1,0,0.760804513662885
,0.0,1.0,0.0,0.0,0.0,0.0,0,0,0,0,1,0,0.5088021900677155
4000.0,0.0,1.0,0.0,1.0,14000.0,49800.0,0,0,0,0,1,0,0.7542715648259047
,0.0,0.0,0.0,0.0,0.0,0.0,0,0,0,0,0,1,0.10502666257520672
,0.0,0.0,1.0,0.0,0.0,0.0,0,0,0,0,0,1,0.25019712817598383
10000.0,0.0,1.0,0.0,0.0,10000.0,0.0,1,0,0,0,0,0,0.24914847955725292
,0.0,0.0,0.0,0.0,0.0,0.0,0,0,0,0,0,1,0.10502666257520672
,0.0,0.0,0.0,0.0,0.0,0.0,0,0,0,0,1,0,0.3613409877969113
,0.0,0.0,0.0,0.0,0.0,0.0,0,0,0,0,0,1,0.10502666257520672
,0.0,0.0,0.0,0.0,30000.0,0.0,0,0,0,0,0,1,0.20204726211969076
,0.0,0.0,0.0,0.0,0.0,0.0,0,0,0,0,1,0,0.3613409877969113
5000.0,0.0,0.0,0.0,0.0,5000.0,0.0,0,0,0,0,1,0,0.3732094103490538
,0.0,0.0,0.0,0.0,0.0,0.0,0,0,0,0,0,1,0.10502666257520672
5000.0,0.0,0.0,0.0,0.0,5000.0,0.0,0,0,0,0,0,1,0.14256626569497152
,0.0,0.0,0.0,0.0,0.0,0.0,0,0,0,0,1,0,0.3613409877969113
,0.0,0.0,0.0,0.0,0.0,0.0,0,0,0,0,1,0,0.3613409877969113
1.0,0.0,0.0,0.0,0.0,1.0,0.0,0,0,0,0,0,1,0.6230640129298105
1550.0,0.0,0.0,0.0,0.0,1550.0,0.0,0,0,0,0,0,1,0.3420038227318491
,0.0,0.0,0.0,0.0,0.0,0.0,0,0,0,0,1,0,0.3613409877969113
,0.0,0.0,0.0,0.0,0.0,0.0,0,0,0,0,1,0,0.3613409877969113
3000.0,0.0,0.0,0.0,0.0,3000.0,0.0,0,0,0,1,0,0,0.12506127455061322
,0.0,0.0,0.0,0.0,1157.0,0.0,0,0,0,0,0,1,0.25834477852888044
1000.0,0.0,0.0,0.0,0.0,1000.0,0.0,0,0,0,0,1,0,0.6635152109154063
,0.0,0.0,0.0,0.0,0.0,0.0,0,0,0,0,0,1,0.10502666257520672
5000.0,1.0,0.0,0.0,1.0,35400.0,130000.0,0,0,0,1,0,0,0.7310467934762431
3070.0,1.0,0.0,1.0,1.0,5770.0,100990.0,0,0,0,0,1,0,0.8761507596361092
8000.0,0.0,0.0,1.0,0.0,26000.0,95000.0,0,0,0,1,0,0,0.4477792244886924
3000.0,0.0,1.0,0.0,1.0,3000.0,32993.0,0,0,0,0,1,0,0.6244679836320877
,0.0,0.0,0.0,0.0,0.0,0.0,0,0,0,0,0,1,0.10502666257520672
10000.0,0.0,0.0,0.0,0.0,0.0,0.0,0,0,0,0,0,1,0.05566801886001347
10000.0,0.0,0.0,0.0,0.0,10000.0,0.0,0,0,0,0,0,1,0.12905266224961687
,0.0,0.0,0.0,0.0,0.0,0.0,0,0,0,0,0,1,0.10502666257520672
3000.0,0.0,0.0,1.0,1.0,3000.0,15000.0,0,0,0,0,1,0,0.7613716917693037
,0.0,1.0,0.0,0.0,0.0,0.0,0,0,0,0,1,0,0.5088021900677155
5000.0,0.0,1.0,0.0,0.0,5000.0,60000.0,0,0,0,0,1,0,0.471316372914869
100.0,0.0,1.0,0.0,1.0,100.0,60954.0,0,0,0,1,0,0,0.9192180124975488
100.0,0.0,1.0,0.0,1.0,7600.0,49948.0,1,0,0,0,0,0,0.8036900539034403
2000.0,0.0,1.0,0.0,1.0,392200.0,227600.0,0,0,0,0,1,0,0.9345675811320979
1000.0,0.0,0.0,1.0,0.0,737880.0,2549409.0,0,1,0,0,0,0,0.6671577674445028
2000.0,0.0,0.0,0.0,1.0,2000.0,1491.0,0,0,0,1,0,0,0.40104640230015703
4500.0,0.0,0.0,0.0,0.0,5000.0,203000.0,0,0,0,0,0,1,0.14256626569497152
,0.0,1.0,0.0,0.0,5000.0,0.0,0,0,0,0,0,1,0.8142648394741789
,0.0,0.0,1.0,0.0,0.0,0.0,0,0,0,0,0,1,0.25019712817598383
1000.0,0.0,0.0,1.0,1.0,1000.0,20000.0,0,0,0,0,1,0,0.760804513662885
10000.0,0.0,0.0,1.0,1.0,10000.0,60000.0,0,0,0,0,1,0,0.5673510159923407
1000.0,0.0,0.0,0.0,0.0,1000.0,0.0,0,0,0,0,0,1,0.4180652351437775
3000.0,0.0,1.0,0.0,0.0,57960.0,62375.0,0,0,0,1,0,0,0.8310893865310539
1000.0,0.0,0.0,1.0,0.0,15500.0,0.0,0,0,0,0,1,0,0.7917658325885886
1000.0,0.0,1.0,0.0,1.0,1000.0,0.0,0,0,0,0,1,0,0.7736190526081763
1000.0,0.0,0.0,1.0,0.0,1000.0,1090431.0,0,0,0,1,0,0,0.5699778314102455
30.0,1.0,0.0,0.0,0.0,2000.0,49500.0,1,0,0,0,0,0,0.3815252917575788
200.0,0.0,1.0,0.0,1.0,57703.0,0.0,0,0,0,0,1,0,0.8709351895393401
,0.0,1.0,0.0,0.0,145220.0,889700.0,0,0,0,0,1,0,0.7060379198638358
,0.0,0.0,0.0,1.0,0.0,0.0,0,0,0,0,1,0,0.3613409877969113
1000.0,0.0,0.0,0.0,1.0,41400.0,30115.0,1,0,0,0,0,0,0.577062100907332
300.0,0.0,1.0,0.0,1.0,34050.0,1500765.0,0,0,0,0,1,0,0.8751715646835642
5000.0,0.0,0.0,1.0,0.0,5000.0,100000.0,0,0,0,0,1,0,0.6969753207152914
5000.0,0.0,1.0,0.0,1.0,219990.0,998799.0,0,0,0,0,1,0,0.8705807102543595
3000.0,0.0,1.0,0.0,1.0,6000.0,7000.0,0,0,0,0,1,0,0.7881983560453294
1000.0,0.0,0.0,1.0,0.0,861420.0,0.0,1,0,0,0,0,0,0.6671577674445028
3200.0,0.0,0.0,1.0,0.0,18200.0,0.0,0,0,0,0,0,1,0.5006436896715268
33000.0,0.0,0.0,1.0,0.0,599500.0,0.0,1,0,0,0,0,0,0.1575509028787554
5000.0,0.0,0.0,1.0,0.0,5000.0,0.0,0,0,0,0,1,0,0.6969753207152914
1000.0,0.0,0.0,1.0,0.0,141000.0,33600.0,0,1,0,0,0,0,0.6405947288725181
6000.0,0.0,0.0,1.0,0.0,54000.0,0.0,0,0,0,0,0,1,0.8760621886642432
100.0,1.0,1.0,0.0,0.0,110100.0,744900.0,0,0,0,1,0,0,0.8843067324994114
1000.0,1.0,0.0,0.0,1.0,675711.0,0.0,0,0,0,1,0,0,0.6444397988193254
,0.0,0.0,0.0,0.0,0.0,0.0,0,0,0,0,1,0,0.3613409877969113
,0.0,0.0,0.0,0.0,0.0,0.0,0,0,0,0,1,0,0.3613409877969113
1100.0,1.0,0.0,0.0,0.0,130800.0,35100.0,0,0,0,1,0,0,0.5309232146832479
5010.0,1.0,0.0,1.0,1.0,10020.0,0.0,0,0,0,1,0,0,0.8403784047615676
10000.0,1.0,0.0,1.0,0.0,0.0,0.0,0,0,0,1,0,0,0.3350601628416646
1500.0,0.0,1.0,0.0,1.0,31582.0,4000.0,0,0,0,0,1,0,0.8824988294201718
1000.0,0.0,0.0,0.0,0.0,26200.0,70740.0,0,0,0,0,1,0,0.5708271846936998
3580.0,0.0,0.0,1.0,0.0,3580.0,0.0,0,0,0,0,0,1,0.3201808295452679
2000.0,0.0,0.0,1.0,0.0,2000.0,0.0,0,0,0,0,0,1,0.6063624756567924
,0.0,1.0,0.0,1.0,200000.0,0.0,0,1,0,0,0,0,0.824459873769692
1000.0,0.0,1.0,0.0,0.0,1000.0,0.0,0,0,0,0,0,1,0.8377045090934567
,0.0,0.0,0.0,0.0,0.0,0.0,0,0,0,0,0,1,0.10502666257520672
5000.0,0.0,0.0,1.0,1.0,111000.0,0.0,0,0,0,0,0,1,0.8352054552337078
2000.0,0.0,0.0,1.0,1.0,2000.0,20000.0,0,0,0,0,0,1,0.6063624756567924
1000.0,0.0,0.0,1.0,1.0,1000.0,0.0,0,0,0,0,1,0,0.760804513662885
,0.0,0.0,1.0,0.0,0.0,0.0,0,0,0,0,0,1,0.25019712817598383
,0.0,1.0,0.0,0.0,0.0,0.0,0,0,0,0,0,1,0.4842566591488244
,0.0,0.0,1.0,0.0,0.0,0.0,0,0,0,0,1,0,0.5070850671635384
,0.0,0.0,1.0,0.0,0.0,0.0,0,0,0,0,0,1,0.25019712817598383
10000.0,0.0,0.0,0.0,0.0,10000.0,0.0,0,0,1,0,0,0,0.12905266224961687
1500.0,0.0,0.0,1.0,1.0,13000.0,0.0,0,0,0,0,1,0,0.8327929217527158
,0.0,0.0,0.0,0.0,0.0,0.0,0,0,0,0,0,1,0.10502666257520672
1000.0,0.0,0.0,1.0,0.0,0.0,0.0,0,0,0,1,0,0,0.6614392519186112
2000.0,0.0,0.0,1.0,1.0,2000.0,60000.0,0,0,0,0,1,0,0.846351319929669
,0.0,0.0,1.0,0.0,0.0,0.0,0,0,0,0,0,1,0.25019712817598383
2000.0,0.0,1.0,0.0,0.0,341998.0,650001.0,0,0,0,0,0,1,0.9131999271677695
,0.0,1.0,0.0,0.0,0.0,0.0,0,0,0,0,1,0,0.5088021900677155
1000.0,0.0,1.0,0.0,0.0,63000.0,375000.0,0,0,0,0,0,1,0.7798505776995783
,0.0,1.0,0.0,1.0,0.0,410000.0,0,0,0,0,1,0,0.5088021900677155
5000.0,1.0,0.0,0.0,0.0,82000.0,0.0,1,0,0,0,0,0,0.5363847391210806
,0.0,0.0,0.0,1.0,0.0,0.0,0,0,0,0,0,1,0.10502666257520672
1000.0,1.0,1.0,0.0,0.0,32500.0,84350.0,0,0,0,0,1,0,0.8986463149551248
3000.0,0.0,0.0,0.0,1.0,191840.0,0.0,0,0,0,0,1,0,0.8082656602800566
2000.0,0.0,0.0,1.0,0.0,9000.0,0.0,0,0,0,0,0,1,0.4493806357999621
10.0,1.0,1.0,0.0,0.0,80273.0,574145.0,0,0,0,0,0,1,0.7773795978129762
,0.0,1.0,0.0,0.0,0.0,0.0,0,0,0,0,1,0,0.5088021900677155
7000.0,1.0,0.0,1.0,1.0,458796.0,273218.0,0,0,0,1,0,0,0.9188054692929378
1000.0,0.0,0.0,1.0,0.0,1000.0,0.0,0,0,0,0,0,1,0.5619984920072213
10000.0,0.0,0.0,1.0,0.0,14600.0,3525.0,0,0,0,0,1,0,0.5912017541532473
1000.0,0.0,0.0,0.0,0.0,2685405.0,977490.0,1,0,0,0,0,0,0.5115605817772289
5000.0,0.0,0.0,1.0,1.0,5000.0,0.0,0,0,0,0,1,0,0.6969753207152914
9000.0,0.0,0.0,1.0,0.0,9000.0,0.0,0,0,0,0,1,0,0.37097112532256704
1000.0,1.0,0.0,0.0,0.0,71200.0,109620.0,0,0,1,0,0,0,0.41576603454671884
,1.0,0.0,0.0,1.0,0.0,0.0,0,0,0,0,1,0,0.48773880015733995
735.0,0.0,1.0,0.0,1.0,184785.0,0.0,0,0,0,0,1,0,0.8426653032284096
5000.0,0.0,1.0,0.0,1.0,326170.0,659994.0,0,0,0,0,0,1,0.85260393793739
1000.0,0.0,0.0,1.0,0.0,93981.0,605250.0,0,0,0,0,1,0,0.572552751541741
3000.0,0.0,0.0,1.0,1.0,113550.0,401016.0,0,1,0,0,0,0,0.7951890879199061
36300.0,0.0,0.0,1.0,0.0,296300.0,500000.0,1,0,0,0,0,0,0.15402015566823024
10.0,0.0,0.0,1.0,0.0,112883.0,119996.0,0,0,0,0,1,0,0.6467605627715433
3000.0,0.0,0.0,1.0,1.0,3000.0,51200.0,0,0,0,0,1,0,0.7613716917693037
3000.0,0.0,0.0,0.0,0.0,84300.0,115100.0,0,0,0,0,1,0,0.6282449194147004
500.0,1.0,0.0,0.0,1.0,500.0,0.0,0,0,0,1,0,0,0.6112628376177135
10.0,0.0,1.0,0.0,1.0,290010.0,350000.0,0,0,0,1,0,0,0.8911770923807144
,0.0,0.0,0.0,0.0,0.0,0.0,0,0,0,0,1,0,0.3613409877969113
1000.0,0.0,1.0,0.0,0.0,79580.0,0.0,1,0,0,0,0,0,0.7798505776995783
5000.0,1.0,0.0,0.0,0.0,85000.0,0.0,0,0,0,1,0,0,0.4924739335293307
10.0,0.0,1.0,0.0,1.0,1010.0,62700.0,0,0,0,0,1,0,0.780709446339122
3000.0,0.0,1.0,0.0,1.0,14000.0,38250.0,0,0,0,0,1,0,0.874604873602921
9800.0,0.0,0.0,0.0,0.0,70019.0,20000.0,0,0,0,0,0,1,0.09631616351752995
,0.0,0.0,0.0,0.0,0.0,0.0,0,0,0,0,1,0,0.3613409877969113
1000.0,1.0,0.0,1.0,1.0,1203040.0,0.0,1,0,0,0,0,0,0.7206952218436451
1000.0,0.0,0.0,0.0,1.0,0.0,0.0,0,0,0,0,0,1,0.4885028864169882
,1.0,0.0,0.0,1.0,0.0,0.0,0,0,0,0,0,1,0.20926342252432326
1000.0,0.0,1.0,0.0,1.0,377400.0,0.0,0,0,0,1,0,0,0.8941304096434988
10000.0,0.0,1.0,0.0,0.0,316000.0,260000.0,0,0,0,0,0,1,0.3255122106234727
,0.0,0.0,0.0,1.0,0.0,111000.0,0,0,0,0,1,0,0.3613409877969113
,0.0,0.0,0.0,0.0,0.0,165000.0,0,0,0,0,1,0,0.3613409877969113
,0.0,0.0,0.0,1.0,542.0,0.0,0,0,0,0,0,1,0.35444210023704925
,0.0,0.0,0.0,0.0,45200.0,0.0,0,0,0,0,0,1,0.2963843104826081
10000.0,0.0,0.0,1.0,0.0,155718.0,300001.0,1,0,0,0,0,0,0.26114058620299857
1000.0,0.0,1.0,0.0,1.0,309000.0,0.0,0,0,0,0,0,1,0.8996651339182195
,0.0,0.0,0.0,1.0,0.0,0.0,0,0,0,0,1,0,0.3613409877969113
,0.0,0.0,0.0,0.0,0.0,12000.0,0,0,0,1,0,0,0.12562312214717983
6500.0,0.0,0.0,0.0,0.0,108000.0,0.0,0,0,0,0,1,0,0.6422659745243322
1000.0,0.0,0.0,1.0,1.0,1000.0,79310.0,0,0,0,0,1,0,0.760804513662885
1000.0,0.0,0.0,0.0,0.0,1000.0,0.0,0,0,0,0,0,1,0.4180652351437775
5000.0,0.0,1.0,0.0,0.0,707300.0,0.0,0,0,0,0,0,1,0.85260393793739
600.0,0.0,0.0,1.0,0.0,8100.0,28800.0,0,0,0,0,0,1,0.2733476885820113
,0.0,1.0,0.0,0.0,72481.0,0.0,0,0,0,0,0,1,0.6922417013471082
16540.0,0.0,0.0,0.0,0.0,27200.0,0.0,0,0,0,0,0,1,0.26604751083648587
200.0,0.0,0.0,0.0,0.0,5200.0,0.0,0,0,0,0,1,0,0.4863451210116421
,0.0,0.0,0.0,0.0,22421.0,17579.0,0,0,0,0,1,0,0.3913184780060275
1000.0,0.0,1.0,0.0,0.0,20500.0,357999.0,0,0,0,1,0,0,0.8382672807209179
1000.0,0.0,0.0,1.0,0.0,21225.0,4500.0,0,0,0,1,0,0,0.5386254367653761
11600.0,0.0,0.0,1.0,0.0,11600.0,77000.0,0,0,0,0,1,0,0.574623820593252
1000.0,0.0,1.0,0.0,1.0,1000.0,50000.0,0,0,0,0,0,1,0.8377045090934567
,0.0,0.0,1.0,1.0,0.0,56039.0,0,0,0,0,1,0,0.5070850671635384
1000.0,0.0,1.0,0.0,1.0,0.0,0.0,0,0,0,0,1,0,0.6782574723960235
1000.0,0.0,0.0,0.0,0.0,101000.0,1121340.0,0,1,0,0,0,0,0.266214670532656
9000.0,0.0,1.0,0.0,0.0,23500.0,545000.0,0,0,0,0,0,1,0.4426570731902642
3000.0,0.0,0.0,1.0,0.0,36852.0,660447.0,0,0,0,0,0,1,0.7965716724438259
,0.0,1.0,0.0,0.0,0.0,0.0,0,0,0,0,0,1,0.4842566591488244
400.0,0.0,1.0,0.0,0.0,189400.0,91800.0,0,0,0,0,0,1,0.884331059935936
149500.0,0.0,0.0,1.0,0.0,159670.0,59750.0,0,0,0,0,1,0,0.29073757442367804
,0.0,1.0,0.0,0.0,42000.0,20000.0,0,0,0,0,0,1,0.8385798403561875
,0.0,0.0,0.0,0.0,0.0,0.0,0,0,0,0,0,1,0.10502666257520672
560.0,0.0,1.0,0.0,0.0,259000.0,110360.0,0,0,0,0,1,0,0.8426653032284096
3000.0,0.0,0.0,1.0,1.0,53000.0,240000.0,0,0,0,0,1,0,0.9242736147996913
,0.0,0.0,0.0,0.0,0.0,0.0,0,0,0,0,1,0,0.3613409877969113
,0.0,0.0,0.0,1.0,0.0,0.0,1,0,0,0,0,0,0.10502666257520672
215000.0,0.0,0.0,1.0,0.0,255491.0,0.0,0,0,0,0,0,1,0.27669428456746487
100000.0,0.0,1.0,1.0,1.0,238870.0,-19935.0,0,1,0,0,0,0,0.5084455954184731
388000.0,0.0,1.0,0.0,0.0,347727.0,0.0,0,0,0,0,0,1,0.2823606374953429
275000.0,0.0,1.0,1.0,0.0,250000.0,0.0,0,1,0,0,0,0,0.36714410581802054
379000.0,1.0,0.0,0.0,0.0,706171.0,0.0,0,0,0,1,0,0,0.1925182351342361
3000.0,0.0,0.0,0.0,0.0,0.0,0.0,0,0,0,0,0,1,0.1293767411499097
7000.0,0.0,0.0,0.0,0.0,0.0,0.0,0,0,0,0,1,0,0.4161282969342018
3000.0,0.0,1.0,0.0,0.0,0.0,0.0,0,0,0,0,1,0,0.4416598791448273
,0.0,0.0,0.0,0.0,0.0,0.0,0,0,0,0,0,1,0.10502666257520672
,0.0,1.0,1.0,1.0,0.0,0.0,0,0,0,0,0,1,0.4319229148016761
,0.0,0.0,0.0,0.0,0.0,0.0,0,0,0,1,0,0,0.12562312214717983
10000.0,0.0,0.0,0.0,0.0,0.0,0.0,0,0,0,0,1,0,0.17589992628882287
30000.0,0.0,0.0,0.0,0.0,0.0,0.0,0,0,0,0,0,1,0.3392251231411696
1000.0,0.0,1.0,1.0,0.0,0.0,0.0,0,0,0,0,1,0,0.721367193199821
81000.0,0.0,1.0,1.0,0.0,0.0,0.0,0,1,0,0,0,0,0.5158208686678728
86000.0,0.0,1.0,1.0,0.0,16000.0,30000.0,0,0,0,0,1,0,0.5118249996260884
50000.0,1.0,0.0,0.0,0.0,100000.0,0.0,0,0,1,0,0,0,0.037470983262426344
150000.0,1.0,0.0,0.0,0.0,180000.0,0.0,0,0,0,1,0,0,0.2378433589261651
2000.0,1.0,0.0,0.0,0.0,0.0,0.0,1,0,0,0,0,0,0.604786586568646
,0.0,0.0,0.0,0.0,0.0,0.0,0,0,0,0,0,1,0.10502666257520672
23000.0,0.0,1.0,1.0,0.0,37330.0,0.0,0,0,1,0,0,0,0.289429936815307
150000.0,1.0,0.0,1.0,1.0,100.0,0.0,0,0,0,0,1,0,0.9291586129804116
89000.0,0.0,0.0,0.0,0.0,67994.0,39990.0,0,0,0,1,0,0,0.20466047616627503
92000.0,1.0,0.0,0.0,1.0,59160.0,5000.0,0,0,0,0,1,0,0.590887833956185
60000.0,0.0,0.0,1.0,0.0,9000.0,0.0,0,0,0,0,1,0,0.07834262427853905
378000.0,0.0,0.0,1.0,0.0,99500.0,0.0,0,1,0,0,0,0,0.25402557125585307
58000.0,0.0,0.0,0.0,0.0,10000.0,96000.0,0,0,0,0,0,1,0.12811644781747467
98000.0,0.0,0.0,1.0,0.0,26982.0,82974.0,0,0,0,0,0,1,0.6202861680833085
154000.0,1.0,0.0,0.0,0.0,217000.0,0.0,1,0,0,0,0,0,0.20013230148440006
14000.0,0.0,0.0,0.0,1.0,0.0,0.0,0,0,0,0,0,1,0.20583544849369015
468000.0,0.0,1.0,1.0,0.0,250866.0,685000.0,0,0,0,0,0,1,0.4482889611593222
,1.0,0.0,0.0,0.0,100000.0,0.0,0,0,0,0,0,1,0.19129960856306966
117000.0,0.0,0.0,0.0,1.0,1000.0,10000.0,0,0,0,0,1,0,0.7480812030673843
8000.0,0.0,0.0,1.0,0.0,0.0,0.0,0,0,0,0,1,0,0.4729492617247087
,0.0,0.0,0.0,0.0,0.0,0.0,0,0,0,0,0,1,0.10502666257520672
23000.0,0.0,1.0,0.0,1.0,0.0,0.0,0,0,0,0,0,1,0.6616892748863624
235000.0,0.0,0.0,1.0,1.0,0.0,70000.0,0,0,0,0,0,1,0.6326630159699153
1280000.0,0.0,1.0,0.0,0.0,402999.0,399996.0,0,0,0,1,0,0,0.3466761852754415
60000.0,1.0,1.0,0.0,0.0,38000.0,77580.0,1,0,0,0,0,0,0.24658236806052727
2000.0,0.0,0.0,0.0,0.0,2000.0,0.0,1,0,0,0,0,0,0.3420038227318491
166000.0,0.0,0.0,0.0,0.0,1000.0,40280.0,0,0,0,1,0,0,0.5583034751949683
91000.0,0.0,0.0,1.0,0.0,11600.0,1050.0,0,0,0,1,0,0,0.6200897956063075
200000.0,0.0,0.0,0.0,0.0,127453.0,0.0,0,0,0,0,1,0,0.07787776732270726
102000.0,0.0,0.0,1.0,0.0,582500.0,0.0,1,0,0,0,0,0,0.4170685532308092
100000.0,0.0,0.0,0.0,0.0,50000.0,0.0,1,0,0,0,0,0,0.2496754350725405
150000.0,0.0,1.0,0.0,0.0,300008.0,0.0,0,0,0,0,1,0,0.16649440434444868
30000.0,0.0,0.0,1.0,0.0,0.0,0.0,0,0,0,0,0,1,0.4379165354786509
30000.0,0.0,0.0,0.0,0.0,50000.0,0.0,0,0,0,1,0,0,0.15406081832990154
,0.0,0.0,0.0,0.0,0.0,0.0,0,0,0,0,1,0,0.3613409877969113
10000.0,0.0,0.0,0.0,0.0,0.0,0.0,0,0,0,1,0,0,0.07058079819748256
100000.0,0.0,0.0,1.0,0.0,22150.0,80000.0,0,0,0,1,0,0,0.6409581561514532
5000.0,0.0,0.0,1.0,1.0,5000.0,0.0,0,0,0,0,0,1,0.5360584404940407
33000.0,0.0,0.0,0.0,0.0,33060.0,0.0,0,0,0,0,0,1,0.2933377734605683
,0.0,1.0,0.0,0.0,0.0,0.0,0,0,0,0,1,0,0.5088021900677155
4000.0,1.0,0.0,0.0,0.0,0.0,0.0,1,0,0,0,0,0,0.10198706011880039
,1.0,0.0,0.0,0.0,0.0,0.0,0,0,0,0,0,1,0.20926342252432326
10000.0,1.0,0.0,1.0,0.0,0.0,0.0,0,0,1,0,0,0,0.3233150849724059
6000.0,1.0,0.0,0.0,0.0,0.0,0.0,0,0,0,0,1,0,0.5773476002650526
,0.0,0.0,0.0,0.0,0.0,0.0,0,0,0,0,0,1,0.10502666257520672
1000.0,0.0,0.0,1.0,0.0,0.0,2328.0,0,0,0,0,0,1,0.6541271918301502
100000.0,0.0,0.0,0.0,0.0,10000.0,0.0,0,0,1,0,0,0,0.2612369382852619
,0.0,0.0,0.0,0.0,0.0,0.0,0,0,0,0,0,1,0.10502666257520672
38000.0,0.0,0.0,0.0,0.0,1000.0,22300.0,0,0,0,0,0,1,0.6711152850112203
63000.0,0.0,0.0,1.0,0.0,3000.0,0.0,0,0,0,0,1,0,0.13654620620552982
20000.0,0.0,0.0,1.0,1.0,5000.0,0.0,1,0,0,0,0,0,0.6769800363070824
,0.0,0.0,0.0,0.0,0.0,0.0,0,0,0,0,1,0,0.3613409877969113
,0.0,0.0,0.0,0.0,0.0,0.0,1,0,0,0,0,0,0.10502666257520672
153000.0,0.0,0.0,0.0,0.0,0.0,0.0,0,0,0,0,1,0,0.5206995841911963
20000.0,0.0,0.0,0.0,0.0,0.0,0.0,0,0,0,0,1,0,0.3915811497792002
10000.0,0.0,1.0,1.0,0.0,5000.0,0.0,0,0,0,0,1,0,0.3650161927939459
13000.0,0.0,0.0,1.0,0.0,0.0,0.0,0,0,0,0,1,0,0.3350786247989903
,0.0,0.0,1.0,0.0,0.0,0.0,0,0,0,0,1,0,0.5070850671635384
61000.0,0.0,1.0,0.0,0.0,9900.0,102000.0,0,0,0,0,1,0,0.1278648888424349
27000.0,1.0,0.0,0.0,0.0,0.0,24650.0,0,0,0,1,0,0,0.7864280266300034
18000.0,0.0,0.0,1.0,1.0,0.0,0.0,0,0,0,0,1,0,0.4386203232889919
,0.0,1.0,0.0,0.0,0.0,0.0,0,0,0,0,0,1,0.4842566591488244
,0.0,0.0,1.0,0.0,0.0,0.0,0,0,0,0,0,1,0.25019712817598383
37000.0,0.0,0.0,1.0,0.0,7000.0,30000.0,0,0,0,0,0,1,0.3467540643638622
25000.0,0.0,0.0,1.0,0.0,0.0,0.0,0,0,0,0,0,1,0.7173062737333887
23000.0,0.0,1.0,0.0,0.0,0.0,0.0,0,0,0,0,1,0,0.4817334368942461
,0.0,0.0,1.0,0.0,0.0,100000.0,0,0,0,0,1,0,0.5070850671635384
,0.0,1.0,0.0,1.0,263200.0,0.0,0,0,0,0,0,1,0.824459873769692
16000.0,0.0,0.0,0.0,0.0,0.0,0.0,0,0,0,0,0,1,0.27682937166015703
52000.0,0.0,0.0,1.0,0.0,0.0,99992.0,0,0,0,0,1,0,0.21374687956790295
2000.0,1.0,0.0,0.0,0.0,0.0,0.0,1,0,0,0,0,0,0.604786586568646
100000.0,0.0,1.0,0.0,0.0,0.0,0.0,0,0,0,0,1,0,0.25706207581847607
58000.0,0.0,1.0,0.0,0.0,0.0,29400.0,0,0,0,0,1,0,0.1089407290196566
23000.0,0.0,1.0,0.0,0.0,3000.0,32400.0,0,0,0,0,1,0,0.46681891697446626
75000.0,0.0,0.0,0.0,0.0,30035.0,0.0,0,0,0,0,1,0,0.6466553968437639
5000.0,0.0,0.0,0.0,0.0,0.0,0.0,0,0,0,0,0,1,0.05863618557345466
90000.0,0.0,0.0,0.0,0.0,90000.0,0.0,0,0,0,0,0,1,0.09244049250705355
155000.0,1.0,0.0,0.0,0.0,0.0,50000.0,1,0,0,0,0,0,0.4607829577253211
58000.0,0.0,1.0,0.0,0.0,11162.0,50100.0,0,0,0,1,0,0,0.2127430700456157
100000.0,0.0,0.0,0.0,0.0,0.0,0.0,0,0,0,1,0,0,0.28805698308756167
6000.0,0.0,0.0,0.0,1.0,1000.0,0.0,0,0,0,0,1,0,0.6920430788380153
45000.0,0.0,1.0,0.0,1.0,0.0,30000.0,0,0,0,0,1,0,0.6251478298946107
,0.0,1.0,0.0,0.0,0.0,0.0,0,0,0,0,1,0,0.5088021900677155
29000.0,0.0,0.0,1.0,0.0,1200.0,29610.0,0,0,0,0,1,0,0.6428251267045415
7000.0,0.0,1.0,1.0,1.0,0.0,28000.0,0,0,0,0,1,0,0.56485146720694
10000.0,0.0,0.0,1.0,0.0,20000.0,0.0,0,0,0,0,1,0,0.4578639887726394
94000.0,0.0,0.0,0.0,1.0,5000.0,25000.0,0,0,0,1,0,0,0.5537665286192042
202000.0,0.0,1.0,0.0,0.0,75000.0,40690.0,0,0,0,0,0,1,0.1840880894038276
29000.0,0.0,0.0,1.0,1.0,6000.0,45470.0,0,1,0,0,0,0,0.7440619389867414
104000.0,0.0,0.0,1.0,0.0,84000.0,20000.0,0,0,0,0,0,1,0.40547042795687993
,0.0,0.0,1.0,0.0,0.0,0.0,0,0,0,0,0,1,0.25019712817598383
5000.0,0.0,0.0,1.0,0.0,10200.0,0.0,0,0,0,0,0,1,0.6616745770001211
,1.0,0.0,0.0,1.0,0.0,0.0,0,0,0,1,0,0,0.2447121123258751
106000.0,0.0,0.0,1.0,0.0,108780.0,0.0,0,0,0,0,1,0,0.22240052070185443
9000.0,0.0,0.0,1.0,0.0,0.0,0.0,0,0,0,0,0,1,0.3907218729289474
4000.0,0.0,0.0,0.0,0.0,0.0,0.0,0,0,0,0,0,1,0.04181643507274663
1000.0,0.0,0.0,0.0,0.0,0.0,0.0,0,0,0,0,0,1,0.4885028864169882
9000.0,1.0,0.0,1.0,1.0,0.0,0.0,0,0,0,1,0,0,0.5956490684822187
90000.0,0.0,0.0,0.0,0.0,0.0,0.0,0,0,0,0,0,1,0.34709220535482793
500.0,0.0,1.0,0.0,0.0,0.0,0.0,0,0,0,0,1,0,0.6239612896673864
10000.0,0.0,0.0,1.0,0.0,10000.0,0.0,1,0,0,0,0,0,0.30923885164073367
40000.0,0.0,0.0,0.0,1.0,20999.0,70000.0,0,0,0,0,1,0,0.6846381854479423
15000.0,0.0,0.0,0.0,0.0,0.0,0.0,0,0,0,0,0,1,0.20583544849369015
12000.0,0.0,1.0,0.0,0.0,0.0,0.0,0,0,0,0,0,1,0.25222944857603724
15000.0,0.0,0.0,0.0,0.0,15000.0,0.0,0,0,0,0,1,0,0.5680670009411005
5000.0,0.0,0.0,1.0,0.0,5000.0,20000.0,0,0,0,0,0,1,0.5360584404940407
49000.0,0.0,0.0,1.0,0.0,48383.0,25293.0,0,0,0,0,0,1,0.31718038361891193
100000.0,0.0,0.0,1.0,0.0,1597500.0,0.0,0,0,0,0,1,0,0.3052834699799161
33000.0,0.0,0.0,1.0,1.0,500.0,29950.0,0,0,0,0,0,1,0.7303296600066539
109000.0,0.0,0.0,0.0,0.0,9000.0,100000.0,1,0,0,0,0,0,0.21844802071077796
5000.0,0.0,0.0,1.0,0.0,0.0,68000.0,0,0,0,0,1,0,0.4654112541524204
,0.0,0.0,1.0,1.0,3000.0,30400.0,0,0,0,0,1,0,0.5546948402524503
109000.0,0.0,0.0,1.0,1.0,0.0,100000.0,0,0,0,0,0,1,0.7458369925318132
,1.0,0.0,0.0,0.0,50000.0,0.0,0,0,0,1,0,0,0.48800180692728273
,0.0,0.0,0.0,0.0,0.0,0.0,0,0,0,0,1,0,0.3613409877969113
,0.0,1.0,0.0,0.0,155000.0,0.0,0,0,0,0,1,0,0.7060379198638358
31000.0,0.0,0.0,1.0,0.0,56000.0,0.0,0,0,0,0,0,1,0.21007967663849647
35000.0,0.0,0.0,1.0,0.0,25000.0,0.0,1,0,0,0,0,0,0.23959435820102717
16000.0,0.0,1.0,0.0,1.0,9500.0,0.0,0,0,0,0,0,1,0.6762242440630499
65000.0,0.0,0.0,1.0,0.0,65000.0,0.0,0,1,0,0,0,0,0.06371401389811465
55000.0,0.0,1.0,0.0,0.0,80025.0,0.0,0,0,0,0,1,0,0.039342596447595024
37000.0,0.0,1.0,0.0,0.0,0.0,32000.0,0,0,0,0,1,0,0.520861311639884
16000.0,0.0,0.0,1.0,0.0,0.0,0.0,0,0,0,1,0,0,0.4888783111096693
60000.0,0.0,0.0,1.0,0.0,0.0,0.0,0,0,0,0,1,0,0.21374687956790295
46000.0,0.0,1.0,0.0,0.0,21000.0,0.0,0,0,0,0,1,0,0.6589117065624187
1000.0,1.0,1.0,0.0,0.0,0.0,0.0,0,0,0,0,1,0,0.7415132774482465
22000.0,0.0,1.0,0.0,0.0,12040.0,31180.0,0,0,0,0,0,1,0.5869138541233596
26000.0,0.0,0.0,0.0,1.0,0.0,0.0,0,0,0,0,1,0,0.7318150948615878
1000.0,0.0,0.0,0.0,1.0,0.0,0.0,0,0,0,0,0,1,0.4885028864169882
100.0,1.0,0.0,0.0,0.0,99100.0,102000.0,0,0,0,1,0,0,0.2878552507513689
2000.0,0.0,0.0,0.0,0.0,122000.0,0.0,0,0,0,0,0,1,0.5155954936919228
85000.0,0.0,0.0,1.0,0.0,169000.0,0.0,0,0,0,0,0,1,0.3567484407821889
13000.0,0.0,0.0,1.0,1.0,23004.0,50000.0,0,0,0,0,0,1,0.5912638149246446
92000.0,0.0,1.0,0.0,1.0,54000.0,0.0,0,0,0,0,1,0,0.372260194916709
277000.0,0.0,0.0,1.0,0.0,108620.0,126750.0,0,0,0,0,1,0,0.12527073475882342
2000.0,0.0,0.0,0.0,1.0,0.0,50000.0,0,0,0,0,1,0,0.7950047818279591
8000.0,1.0,0.0,0.0,0.0,0.0,0.0,0,0,0,0,0,1,0.25270313264500693
3000.0,0.0,1.0,0.0,0.0,500.0,50000.0,0,0,0,0,0,1,0.7448356463549011
42000.0,0.0,0.0,0.0,0.0,19600.0,63050.0,0,0,0,0,0,1,0.641539875726393
3000.0,0.0,0.0,0.0,1.0,3000.0,15000.0,0,0,0,0,1,0,0.4319236019260518
,0.0,0.0,0.0,0.0,0.0,0.0,0,0,0,0,1,0,0.3613409877969113
300000.0,0.0,0.0,1.0,0.0,510642.0,0.0,0,0,0,0,1,0,0.1803513897188568
70000.0,0.0,0.0,0.0,0.0,9980.0,9980.0,1,0,0,0,0,0,0.45818393825806375
93000.0,0.0,0.0,1.0,0.0,166980.0,0.0,0,0,0,0,1,0,0.26863879601901075
91000.0,0.0,1.0,0.0,0.0,131200.0,0.0,0,0,0,1,0,0,0.3817868726918107
21000.0,0.0,0.0,0.0,0.0,20000.0,0.0,0,0,0,0,0,1,0.3339882556364649
17000.0,0.0,1.0,0.0,0.0,32497.0,76580.0,0,0,0,0,1,0,0.27925111795056584
78000.0,0.0,0.0,1.0,1.0,6453.0,71904.0,0,0,0,0,0,1,0.7388216757984986
30000.0,0.0,1.0,0.0,0.0,15000.0,0.0,0,0,0,0,0,1,0.5642057368009727
,0.0,0.0,1.0,0.0,0.0,0.0,0,0,0,0,0,1,0.25019712817598383
2000.0,0.0,0.0,0.0,0.0,1500.0,0.0,0,0,0,0,1,0,0.6904439942194169
2000.0,0.0,0.0,1.0,0.0,2000.0,0.0,0,0,0,0,0,1,0.6063624756567924
34000.0,0.0,0.0,0.0,1.0,20050.0,28210.0,0,0,0,0,0,1,0.5844204447677968
14000.0,0.0,0.0,0.0,0.0,12500.0,0.0,0,0,0,1,0,0,0.529560612920849
89000.0,0.0,0.0,0.0,0.0,50.0,100000.0,0,0,0,0,0,1,0.6189453211349666
40000.0,1.0,0.0,0.0,0.0,25000.0,30000.0,0,0,0,0,1,0,0.5132558700878287
181000.0,0.0,0.0,1.0,0.0,0.0,0.0,0,0,0,0,0,1,0.6278596660617577
50000.0,0.0,0.0,0.0,0.0,99900.0,0.0,0,0,0,0,0,1,0.02144154151447915
75000.0,0.0,1.0,0.0,0.0,105000.0,0.0,0,0,0,0,0,1,0.29533811342149136
10000.0,0.0,1.0,0.0,0.0,10000.0,0.0,0,0,0,0,1,0,0.3516842662205035
,0.0,1.0,0.0,1.0,1640000.0,0.0,0,0,0,0,1,0,0.7220959700135824
66000.0,0.0,1.0,0.0,0.0,66120.0,0.0,0,0,0,0,1,0,0.23182906162066605
14000.0,1.0,0.0,1.0,0.0,6100.0,20000.0,0,0,0,1,0,0,0.6555227970647961
125000.0,0.0,1.0,0.0,0.0,183950.0,0.0,0,0,0,0,1,0,0.16649440434444868
,0.0,0.0,0.0,0.0,0.0,0.0,0,0,0,0,1,0,0.3613409877969113
6000.0,1.0,0.0,1.0,1.0,0.0,0.0,1,0,0,0,0,0,0.778442557710971
74000.0,1.0,0.0,1.0,0.0,145504.0,0.0,1,0,0,0,0,0,0.4632253002690988
,0.0,1.0,0.0,1.0,0.0,0.0,0,0,0,0,1,0,0.5088021900677155
135000.0,0.0,0.0,0.0,0.0,9900.0,250000.0,0,0,0,0,1,0,0.3544295672389621
22000.0,0.0,0.0,0.0,0.0,2000.0,0.0,0,0,0,0,1,0,0.38470138696689504
44000.0,0.0,0.0,1.0,0.0,83730.0,0.0,0,0,0,0,1,0,0.1176053562562089
11000.0,0.0,0.0,0.0,1.0,10000.0,0.0,0,0,0,0,0,1,0.7557439015319675
23000.0,0.0,0.0,0.0,1.0,500.0,20000.0,0,0,0,0,0,1,0.8137082417363961
42000.0,0.0,0.0,1.0,1.0,16007.0,3001.0,0,0,0,0,0,1,0.7167731883847617
13000.0,0.0,0.0,0.0,0.0,0.0,0.0,0,0,0,0,0,1,0.20583544849369015
64000.0,0.0,1.0,0.0,0.0,41000.0,0.0,0,0,1,0,0,0,0.2185788928021335
,0.0,0.0,0.0,1.0,0.0,0.0,0,0,0,0,1,0,0.3613409877969113
70000.0,0.0,0.0,1.0,0.0,70000.0,0.0,0,0,0,0,0,1,0.41139220460804615
23000.0,0.0,0.0,0.0,0.0,23400.0,0.0,0,0,0,0,1,0,0.5717657985618759
,0.0,1.0,0.0,1.0,0.0,0.0,1,0,0,0,0,0,0.4842566591488244
7000.0,0.0,1.0,0.0,0.0,62000.0,150000.0,0,0,0,0,0,1,0.7449325885662159
10000.0,0.0,1.0,0.0,0.0,0.0,0.0,0,0,0,0,0,1,0.08722493582065682
1000.0,0.0,1.0,0.0,1.0,1000.0,77000.0,0,0,0,0,0,1,0.8377045090934567
30000.0,0.0,1.0,0.0,0.0,44995.0,0.0,0,0,0,0,1,0,0.11291543631574145
10000.0,0.0,1.0,0.0,0.0,10000.0,0.0,0,0,0,0,1,0,0.3516842662205035
2000.0,0.0,1.0,0.0,0.0,2000.0,0.0,0,0,0,0,0,1,0.8034604859379085
50000.0,0.0,0.0,0.0,0.0,0.0,0.0,0,0,0,1,0,0,0.13268378815455797
10000.0,0.0,0.0,1.0,0.0,10000.0,0.0,0,0,0,0,1,0,0.5673510159923407
100000.0,0.0,0.0,1.0,0.0,160000.0,450000.0,0,0,0,1,0,0,0.40856662119765785
30000.0,0.0,1.0,0.0,0.0,30000.0,0.0,0,0,0,0,1,0,0.16122968038546348
2000.0,1.0,0.0,0.0,0.0,2000.0,0.0,0,0,0,0,1,0,0.7287930594837964
100000.0,0.0,0.0,0.0,0.0,100000.0,0.0,0,0,0,0,0,1,0.06104535306639848
8000.0,0.0,0.0,1.0,0.0,15000.0,0.0,0,0,0,0,1,0,0.728500241173455
,1.0,0.0,0.0,0.0,0.0,0.0,1,0,0,0,0,0,0.20926342252432326
99000.0,0.0,1.0,0.0,0.0,3000.0,92000.0,0,0,0,0,0,1,0.3753574973010648
10000.0,0.0,1.0,0.0,0.0,9500.0,0.0,0,0,1,0,0,0,0.2236018928212424
52000.0,0.0,0.0,1.0,0.0,5000.0,94600.0,0,1,0,0,0,0,0.20780522333096116
113000.0,0.0,0.0,1.0,0.0,113000.0,0.0,0,0,0,0,0,1,0.3961801396884031
,1.0,1.0,0.0,0.0,100000.0,0.0,0,1,0,0,0,0,0.7183263332526315
,0.0,0.0,1.0,0.0,0.0,0.0,0,0,0,0,0,1,0.25019712817598383
20000.0,0.0,0.0,1.0,0.0,20000.0,0.0,0,0,0,0,1,0,0.46290686747949694
49000.0,1.0,0.0,1.0,0.0,34000.0,0.0,1,0,0,0,0,0,0.41407145762105896
30000.0,0.0,1.0,0.0,0.0,30000.0,0.0,0,0,0,0,1,0,0.16122968038546348
70000.0,1.0,1.0,0.0,0.0,35900.0,25000.0,1,0,0,0,0,0,0.694597974502798
50000.0,0.0,0.0,1.0,0.0,0.0,0.0,0,0,0,0,0,1,0.18566707442582386
65000.0,0.0,0.0,0.0,0.0,0.0,0.0,0,0,0,1,0,0,0.13268378815455797
96000.0,0.0,1.0,0.0,0.0,134711.0,0.0,0,0,0,0,1,0,0.22968476732998747
22000.0,0.0,1.0,0.0,0.0,22000.0,0.0,0,1,0,0,0,0,0.5242016100918786
,0.0,1.0,0.0,0.0,0.0,10000.0,1,0,0,0,0,0,0.4842566591488244
810.0,1.0,0.0,1.0,0.0,0.0,0.0,1,0,0,0,0,0,0.708550639775734
3000.0,0.0,1.0,0.0,0.0,3000.0,0.0,0,0,0,0,1,0,0.6244679836320877
,0.0,1.0,0.0,1.0,21958.0,0.0,0,0,0,0,0,1,0.8077523942081436
5000.0,0.0,1.0,0.0,0.0,5000.0,0.0,0,0,0,0,1,0,0.471316372914869
50000.0,0.0,0.0,0.0,0.0,70000.0,0.0,0,0,0,1,0,0,0.05216597225123897
5000.0,0.0,1.0,0.0,0.0,10000.0,0.0,0,0,0,0,1,0,0.6698277472021849
40000.0,0.0,0.0,0.0,0.0,52247.0,0.0,1,0,0,0,0,0,0.28075050841869553
6000.0,0.0,0.0,1.0,0.0,6000.0,0.0,0,0,0,1,0,0,0.667897928410245
23000.0,0.0,0.0,0.0,0.0,22740.0,0.0,0,0,0,0,0,1,0.48340838695730415
34000.0,0.0,0.0,0.0,0.0,22740.0,0.0,0,0,0,0,0,1,0.540989476508399
84000.0,0.0,0.0,1.0,0.0,77720.0,0.0,0,1,0,0,0,0,0.3458325826897492
151000.0,0.0,0.0,1.0,1.0,29550.0,170000.0,0,0,0,1,0,0,0.7858000222886877
,0.0,0.0,0.0,0.0,0.0,0.0,0,0,0,0,1,0,0.3613409877969113
247000.0,1.0,1.0,0.0,0.0,121000.0,0.0,0,0,0,0,1,0,0.14297956731460829
46000.0,0.0,0.0,0.0,1.0,13000.0,0.0,0,0,0,0,1,0,0.8248090357446316
88000.0,0.0,1.0,0.0,1.0,31000.0,144000.0,0,0,0,0,0,1,0.7335472546702312
99000.0,0.0,0.0,1.0,0.0,66100.0,301145.0,0,0,0,0,1,0,0.2971593639873895
32000.0,0.0,0.0,1.0,0.0,4000.0,25000.0,0,0,0,0,0,1,0.40205699848344645
133000.0,1.0,0.0,1.0,0.0,11500.0,50063.0,0,0,0,1,0,0,0.7375794185028821
92000.0,1.0,1.0,0.0,0.0,40000.0,3000.0,0,0,0,0,1,0,0.5140363790135415
272000.0,0.0,1.0,0.0,0.0,113000.0,0.0,0,0,0,0,0,1,0.19906641104736894
87000.0,0.0,1.0,0.0,0.0,0.0,0.0,0,0,0,0,1,0,0.34005328097450427
380000.0,0.0,0.0,1.0,0.0,5000.0,0.0,0,0,0,0,1,0,0.678947569475643
,0.0,0.0,1.0,0.0,0.0,0.0,0,0,0,0,1,0,0.5070850671635384
,0.0,0.0,0.0,1.0,0.0,0.0,0,0,0,0,1,0,0.3613409877969113
100000.0,0.0,1.0,0.0,0.0,150000.0,100000.0,0,0,0,0,1,0,0.1558599132358236
15000.0,0.0,0.0,0.0,0.0,0.0,0.0,0,0,0,0,1,0,0.27203716892954166
,0.0,0.0,0.0,0.0,0.0,0.0,0,0,0,0,1,0,0.3613409877969113
2000.0,1.0,0.0,0.0,0.0,0.0,0.0,0,0,0,0,0,1,0.604786586568646
4000.0,0.0,0.0,1.0,0.0,0.0,0.0,0,0,0,1,0,0,0.23996031399648735
,0.0,1.0,0.0,0.0,0.0,0.0,1,0,0,0,0,0,0.4842566591488244
20000.0,0.0,0.0,0.0,0.0,0.0,0.0,0,0,0,1,0,0,0.3618430723738973
20000.0,0.0,0.0,0.0,0.0,0.0,0.0,0,0,0,0,0,1,0.3056270117840126
3000.0,0.0,0.0,0.0,0.0,0.0,0.0,0,0,0,0,1,0,0.4243299663929743
5000.0,0.0,0.0,1.0,0.0,5000.0,0.0,0,0,0,0,0,1,0.5360584404940407
325000.0,0.0,1.0,0.0,0.0,254500.0,155000.0,0,0,0,1,0,0,0.26405651574562045
1000.0,0.0,0.0,1.0,0.0,81000.0,223500.0,0,0,0,0,0,1,0.5184260595996711
666000.0,0.0,0.0,1.0,0.0,431098.0,900000.0,0,0,0,1,0,0,0.45051606784739295
4000.0,0.0,1.0,0.0,0.0,0.0,0.0,0,0,0,0,1,0,0.16120919900716907
50000.0,0.0,0.0,1.0,0.0,0.0,0.0,0,0,0,0,1,0,0.21374687956790295
6000.0,0.0,0.0,0.0,0.0,0.0,0.0,0,0,0,0,1,0,0.4161282969342018
,0.0,0.0,0.0,0.0,0.0,0.0,0,0,0,0,0,1,0.10502666257520672
100000.0,0.0,0.0,1.0,0.0,20000.0,1098000.0,0,0,0,0,0,1,0.5959343406726881
10000.0,0.0,1.0,0.0,0.0,0.0,0.0,0,0,0,0,1,0,0.08251244719808468
172000.0,1.0,0.0,0.0,0.0,122000.0,70800.0,0,0,0,1,0,0,0.12798721988158027
,1.0,0.0,0.0,0.0,0.0,0.0,0,0,0,1,0,0,0.2447121123258751
9000.0,0.0,0.0,0.0,1.0,16000.0,0.0,0,0,0,0,1,0,0.6604414048338217
400.0,0.0,0.0,1.0,0.0,400.0,0.0,0,0,0,0,1,0,0.7089754285019595
14000.0,0.0,0.0,0.0,0.0,0.0,0.0,0,0,0,0,0,1,0.20583544849369015
145000.0,0.0,1.0,0.0,0.0,157500.0,428660.0,0,0,0,0,0,1,0.30070875620407556
70000.0,1.0,1.0,0.0,1.0,32272.0,75600.0,0,0,0,0,1,0,0.7405312283299849
30000.0,0.0,1.0,0.0,0.0,287594.0,-42453.0,0,0,0,0,0,1,0.21419319731079814
115000.0,0.0,0.0,1.0,0.0,228940.0,0.0,0,0,0,0,1,0,0.3052834699799161
85000.0,0.0,1.0,0.0,0.0,160000.0,0.0,0,0,0,0,0,1,0.4051657407618559
302000.0,0.0,0.0,1.0,0.0,481497.0,0.0,0,0,0,0,1,0,0.21181561439015106
138000.0,0.0,1.0,0.0,0.0,82000.0,193200.0,0,0,0,0,1,0,0.14522985906201485
205000.0,0.0,0.0,0.0,0.0,60973.0,349740.0,0,0,0,0,1,0,0.2330300973866421
414000.0,0.0,0.0,0.0,0.0,114408.0,0.0,0,0,0,0,0,1,0.08606646323545983
91000.0,0.0,1.0,0.0,0.0,332234.0,350976.0,0,0,0,1,0,0,0.41148349703403325
55000.0,0.0,0.0,1.0,0.0,10500.0,0.0,0,0,0,0,1,0,0.1499219961690761
200000.0,0.0,1.0,0.0,0.0,3300.0,393655.0,0,0,0,0,0,1,0.35782534774397123
215000.0,0.0,0.0,0.0,0.0,180000.0,50000.0,1,0,0,0,0,0,0.07233934810763999
166000.0,0.0,0.0,1.0,1.0,46000.0,150919.0,0,1,0,0,0,0,0.6850533958092532
341000.0,0.0,1.0,0.0,0.0,162000.0,425770.0,0,0,0,0,0,1,0.25789911153637146
342000.0,0.0,0.0,1.0,1.0,13500.0,157624.0,0,0,0,0,1,0,0.5911280758130284
34000.0,0.0,0.0,0.0,1.0,0.0,0.0,0,0,0,0,1,0,0.7617682221206942
,0.0,0.0,1.0,0.0,422.0,0.0,0,0,0,0,0,1,0.5465632458733133
,0.0,0.0,1.0,0.0,0.0,0.0,0,0,0,0,1,0,0.5070850671635384
,0.0,1.0,0.0,0.0,0.0,0.0,0,0,0,1,0,0,0.45666507919103705
10000.0,0.0,0.0,1.0,0.0,0.0,0.0,0,0,0,0,1,0,0.28925830472053476
10000.0,1.0,0.0,0.0,0.0,100128.0,0.0,0,0,0,0,0,1,0.10984395557280578
76000.0,0.0,0.0,1.0,0.0,1407.0,0.0,0,0,0,0,0,1,0.6806740645960041
10000.0,0.0,0.0,0.0,0.0,0.0,0.0,0,0,0,0,0,1,0.05566801886001347
,0.0,0.0,0.0,0.0,0.0,0.0,0,0,0,0,1,0,0.3613409877969113
100000.0,0.0,0.0,1.0,1.0,180000.0,1000000.0,0,0,0,0,0,1,0.4170685532308092
4000.0,0.0,0.0,0.0,0.0,1000.0,3000.0,0,0,0,0,0,1,0.11193799293165882
100000.0,0.0,1.0,0.0,0.0,0.0,0.0,0,0,0,0,1,0,0.25706207581847607
100000.0,0.0,1.0,0.0,0.0,0.0,0.0,0,0,0,0,0,1,0.3319632174946437
98000.0,0.0,1.0,0.0,0.0,5360.0,89900.0,0,0,1,0,0,0,0.5400597626655155
651000.0,0.0,0.0,1.0,1.0,10000.0,39668.0,0,0,0,0,0,1,0.7819926268876878
242000.0,0.0,0.0,1.0,0.0,138368.0,414915.0,0,0,0,0,1,0,0.1740257509188533
205000.0,0.0,1.0,0.0,0.0,90000.0,140085.0,0,0,0,0,1,0,0.0589867941791327
122000.0,0.0,0.0,1.0,1.0,2000.0,29003.0,0,0,0,0,0,1,0.7433877697998093
312000.0,0.0,0.0,1.0,1.0,84080.0,99999.0,0,0,0,1,0,0,0.41970341339249423
884000.0,0.0,1.0,0.0,0.0,518515.0,382200.0,0,0,0,0,1,0,0.16833315225232393
336000.0,0.0,1.0,0.0,0.0,113000.0,102000.0,0,0,0,0,1,0,0.10495028334407715
67000.0,0.0,1.0,0.0,0.0,113000.0,102000.0,1,0,0,0,0,0,0.5127692588080712
405000.0,0.0,1.0,0.0,0.0,729941.0,79950.0,0,0,0,0,0,1,0.2823606374953429
68000.0,0.0,0.0,1.0,1.0,0.0,0.0,0,0,0,1,0,0,0.7162654448490825
4000.0,0.0,0.0,0.0,0.0,0.0,0.0,0,0,0,0,0,1,0.04181643507274663
0.0,1.0,0.0,0.0,0.0,0.0,0.0,0,0,0,0,1,0,0.5761102519089476
261000.0,1.0,1.0,1.0,0.0,21130.0,0.0,0,0,0,1,0,0,0.570440652555044
,1.0,0.0,0.0,0.0,0.0,0.0,0,0,0,1,0,0,0.2447121123258751
,1.0,0.0,0.0,0.0,0.0,0.0,0,0,0,0,1,0,0.48773880015733995
60.0,1.0,0.0,0.0,0.0,0.0,0.0,0,0,0,0,1,0,0.5948921288786672
1000.0,1.0,0.0,0.0,0.0,0.0,0.0,0,0,0,0,1,0,0.6750610067186559
68000.0,1.0,0.0,0.0,0.0,13000.0,230000.0,0,0,0,1,0,0,0.6777924278479599
5000.0,1.0,0.0,0.0,0.0,0.0,0.0,1,0,0,0,0,0,0.13948592277958732
15000.0,1.0,0.0,0.0,0.0,9000.0,0.0,0,0,0,1,0,0,0.3057438970378954
10000.0,1.0,0.0,1.0,0.0,2500.0,0.0,0,0,0,1,0,0,0.2093724072574528
95000.0,1.0,0.0,0.0,0.0,170000.0,0.0,0,0,0,1,0,0,0.3635986831791864
31000.0,1.0,0.0,0.0,1.0,0.0,0.0,0,0,0,0,1,0,0.8322773458033554
10000.0,1.0,0.0,0.0,0.0,10000.0,0.0,1,0,0,0,0,0,0.21472303411944502
14000.0,0.0,0.0,1.0,0.0,0.0,0.0,0,0,0,0,1,0,0.3350786247989903
58000.0,1.0,0.0,0.0,0.0,0.0,0.0,1,0,0,0,0,0,0.20154553732829106
,1.0,0.0,0.0,0.0,0.0,0.0,0,0,0,0,1,0,0.48773880015733995
74000.0,0.0,0.0,1.0,1.0,100.0,59788.0,0,0,0,0,1,0,0.8732166376483358
70000.0,0.0,0.0,0.0,0.0,0.0,0.0,0,1,0,0,0,0,0.4153555624949869
187000.0,0.0,0.0,1.0,0.0,201000.0,172117.0,0,0,0,1,0,0,0.28746523010155167
252000.0,1.0,0.0,0.0,0.0,252820.0,200000.0,0,0,0,0,1,0,0.13714199966599905
300.0,0.0,1.0,0.0,0.0,300.0,0.0,0,0,0,0,0,1,0.8864510714031778
118000.0,0.0,1.0,0.0,0.0,228636.0,0.0,0,0,0,0,0,1,0.3337194729066038
460000.0,0.0,0.0,0.0,0.0,860250.0,0.0,0,0,0,0,0,1,0.09846516388108212
203000.0,0.0,1.0,0.0,0.0,345000.0,0.0,0,0,0,0,0,1,0.21931135751761724
,0.0,0.0,1.0,1.0,0.0,0.0,0,0,0,0,1,0,0.5070850671635384
,0.0,0.0,0.0,0.0,0.0,0.0,0,0,0,0,0,1,0.10502666257520672
567000.0,0.0,1.0,0.0,1.0,639416.0,542520.0,0,0,0,0,0,1,0.40118215913957955
35000.0,0.0,0.0,1.0,0.0,5000.0,0.0,0,0,0,0,0,1,0.5714364302473149
214000.0,0.0,1.0,0.0,0.0,87700.0,110000.0,0,0,0,0,0,1,0.13854440725762887
750000.0,0.0,0.0,1.0,0.0,1500000.0,0.0,1,0,0,0,0,0,0.4445454735158237
518000.0,0.0,0.0,0.0,0.0,64990.0,66066.0,0,0,0,0,1,0,0.18146115754256556
999000.0,0.0,0.0,1.0,0.0,1297513.0,699995.0,0,0,0,0,1,0,0.2914742658995259
102000.0,0.0,1.0,0.0,0.0,33303.0,29994.0,0,0,0,0,1,0,0.2675402452646837
69000.0,0.0,1.0,0.0,0.0,4000.0,30520.0,0,0,0,0,1,0,0.4172096276632858
175000.0,0.0,1.0,0.0,0.0,30000.0,119720.0,0,0,0,0,0,1,0.48789588387986876
,0.0,1.0,0.0,0.0,0.0,0.0,0,0,0,0,1,0,0.5088021900677155
,0.0,0.0,0.0,0.0,0.0,0.0,0,1,0,0,0,0,0.10502666257520672
,0.0,0.0,0.0,0.0,0.0,0.0,0,0,0,0,1,0,0.3613409877969113
30000.0,0.0,0.0,0.0,0.0,7000.0,8100.0,0,0,0,0,1,0,0.3134267579682667
193000.0,0.0,0.0,1.0,0.0,1000.0,40000.0,0,0,0,1,0,0,0.7923120005930803
411000.0,0.0,0.0,1.0,0.0,805000.0,775000.0,0,0,0,0,1,0,0.21181561439015106
,0.0,0.0,0.0,0.0,0.0,0.0,0,0,0,0,1,0,0.3613409877969113
100000.0,0.0,0.0,0.0,0.0,723004.0,1188106.0,0,0,0,1,0,0,0.15390838351097988
90000.0,0.0,0.0,0.0,1.0,390600.0,0.0,0,1,0,0,0,0,0.1859957227689706
218000.0,0.0,1.0,1.0,0.0,48250.0,40000.0,0,0,0,0,0,1,0.5297227576662954
50.0,0.0,0.0,0.0,0.0,0.0,0.0,0,0,0,0,0,1,0.4343551039819753
,1.0,0.0,0.0,0.0,0.0,0.0,0,0,0,1,0,0,0.2447121123258751
224000.0,0.0,0.0,1.0,0.0,447000.0,0.0,1,0,0,0,0,0,0.27669428456746487
,0.0,0.0,0.0,0.0,0.0,0.0,0,0,0,1,0,0,0.12562312214717983
51000.0,0.0,0.0,1.0,0.0,0.0,50000.0,0,0,0,0,1,0,0.21374687956790295
,0.0,0.0,0.0,0.0,0.0,0.0,1,0,0,0,0,0,0.10502666257520672
10000.0,0.0,0.0,1.0,0.0,0.0,0.0,0,0,0,0,0,1,0.17989871207735036
97000.0,0.0,0.0,0.0,0.0,97000.0,0.0,0,0,0,0,0,1,0.06104535306639848
12000.0,1.0,1.0,0.0,0.0,0.0,5000.0,0,0,0,0,1,0,0.19845364724424844
30000.0,0.0,0.0,1.0,0.0,20500.0,39960.0,0,0,0,0,1,0,0.33790559679074655
29000.0,0.0,0.0,1.0,1.0,0.0,0.0,0,0,0,0,1,0,0.6940550624933839
10000.0,0.0,0.0,1.0,0.0,0.0,0.0,0,0,0,0,1,0,0.28925830472053476
50000.0,0.0,0.0,0.0,0.0,50000.0,0.0,0,1,0,0,0,0,0.108900476096955
6000.0,0.0,0.0,0.0,0.0,0.0,0.0,0,0,0,0,1,0,0.4161282969342018
125000.0,0.0,0.0,1.0,1.0,1000.0,130000.0,0,0,0,0,1,0,0.8875157760263797
,0.0,1.0,0.0,0.0,0.0,0.0,0,0,0,0,1,0,0.5088021900677155
66000.0,0.0,1.0,0.0,1.0,108990.0,0.0,1,0,0,0,0,0,0.5127692588080712
117000.0,0.0,1.0,0.0,0.0,55125.0,183978.0,0,0,0,0,1,0,0.3161045384382196
100000.0,0.0,0.0,1.0,0.0,10000.0,12500.0,0,1,0,0,0,0,0.6341885752753029
51000.0,1.0,0.0,1.0,0.0,20000.0,99000.0,0,0,0,1,0,0,0.2078414911834085
274000.0,0.0,0.0,1.0,1.0,145970.0,808680.0,0,0,0,0,0,1,0.25938148735015304
280000.0,0.0,1.0,0.0,0.0,80000.0,400000.0,0,0,0,0,0,1,0.1840880894038276
300000.0,0.0,0.0,0.0,0.0,0.0,200000.0,0,0,1,0,0,0,0.20863446043277917
59000.0,0.0,0.0,0.0,0.0,59000.0,0.0,0,0,0,0,0,1,0.108900476096955
13000.0,0.0,0.0,0.0,0.0,0.0,0.0,0,0,0,0,1,0,0.27203716892954166
104000.0,0.0,1.0,0.0,0.0,193500.0,88637.0,0,1,0,0,0,0,0.3337194729066038
,0.0,1.0,0.0,0.0,0.0,0.0,0,0,0,0,1,0,0.5088021900677155
,0.0,0.0,0.0,0.0,0.0,0.0,1,0,0,0,0,0,0.10502666257520672
,0.0,0.0,1.0,0.0,0.0,0.0,0,0,0,0,0,1,0.25019712817598383
10000.0,0.0,0.0,0.0,0.0,0.0,0.0,0,0,0,0,0,1,0.05566801886001347
36000.0,0.0,0.0,1.0,0.0,0.0,0.0,0,0,0,0,1,0,0.600922246689189
,0.0,0.0,0.0,0.0,100000.0,0.0,1,0,0,0,0,0,0.10967810631008097
20000.0,0.0,0.0,0.0,0.0,0.0,0.0,0,0,0,0,0,1,0.3056270117840126
3000.0,0.0,0.0,0.0,0.0,3000.0,0.0,0,0,0,0,0,1,0.09987445888380239
15000.0,0.0,0.0,0.0,0.0,0.0,0.0,0,0,0,0,0,1,0.20583544849369015
,0.0,1.0,0.0,0.0,0.0,0.0,0,0,0,0,0,1,0.4842566591488244
,0.0,0.0,1.0,0.0,0.0,0.0,0,0,0,0,0,1,0.25019712817598383
,0.0,0.0,1.0,1.0,0.0,0.0,0,0,0,0,0,1,0.25019712817598383
,0.0,0.0,0.0,0.0,0.0,0.0,0,0,0,0,0,1,0.10502666257520672
,0.0,0.0,1.0,0.0,0.0,0.0,0,0,0,0,0,1,0.25019712817598383
20000.0,0.0,0.0,0.0,0.0,0.0,0.0,0,0,0,0,0,1,0.3056270117840126
5000.0,1.0,0.0,0.0,0.0,5000.0,0.0,1,0,0,0,0,0,0.26644718647302706
,1.0,0.0,1.0,0.0,0.0,0.0,0,0,0,1,0,0,0.3532705529651747
3000.0,0.0,0.0,0.0,0.0,3000.0,0.0,0,0,0,0,1,0,0.4319236019260518
,0.0,1.0,0.0,0.0,0.0,0.0,1,0,0,0,0,0,0.4842566591488244
2000.0,0.0,0.0,1.0,0.0,2086.0,0.0,0,0,0,0,0,1,0.4648566631443258
25000.0,0.0,0.0,1.0,0.0,0.0,0.0,0,0,0,0,1,0,0.6940550624933839
,0.0,0.0,0.0,1.0,0.0,0.0,0,0,0,0,1,0,0.3613409877969113
61000.0,0.0,0.0,0.0,0.0,0.0,0.0,0,0,0,0,1,0,0.23246029618417177
35000.0,0.0,0.0,1.0,0.0,5000.0,0.0,0,0,0,0,0,1,0.5714364302473149
4000.0,0.0,0.0,1.0,0.0,0.0,0.0,0,0,0,1,0,0,0.23996031399648735
3000.0,0.0,0.0,0.0,0.0,0.0,0.0,0,0,0,0,0,1,0.1293767411499097
,1.0,1.0,0.0,0.0,0.0,0.0,0,0,0,1,0,0,0.5772978356839239
,0.0,0.0,0.0,0.0,0.0,0.0,0,0,0,0,1,0,0.3613409877969113
50000.0,0.0,0.0,0.0,0.0,0.0,0.0,0,0,0,0,0,1,0.10925605530443132
9000.0,0.0,0.0,0.0,0.0,9000.0,0.0,0,0,0,0,0,1,0.06110533736834609
688000.0,0.0,0.0,0.0,0.0,1334000.0,1175999.0,0,0,0,1,0,0,0.1676800053879461
5000.0,0.0,0.0,0.0,0.0,0.0,0.0,0,0,0,0,1,0,0.19393874364062702
3000.0,0.0,0.0,1.0,0.0,0.0,0.0,0,0,0,0,1,0,0.7388373996107737
24000.0,0.0,0.0,0.0,0.0,2000.0,0.0,0,0,0,0,0,1,0.5341962039081469
1000.0,0.0,0.0,1.0,0.0,1000.0,150000.0,0,0,0,0,0,1,0.5619984920072213
30000.0,0.0,0.0,1.0,0.0,0.0,0.0,0,0,0,0,0,1,0.4379165354786509
2000.0,0.0,0.0,0.0,1.0,0.0,0.0,0,0,0,0,1,0,0.7950047818279591
,0.0,0.0,0.0,0.0,0.0,0.0,0,0,0,0,1,0,0.3613409877969113
,0.0,0.0,1.0,0.0,0.0,0.0,0,0,0,0,1,0,0.5070850671635384
1000.0,0.0,0.0,1.0,0.0,0.0,0.0,0,0,0,0,1,0,0.7477679317802963
,0.0,0.0,1.0,0.0,0.0,0.0,0,0,0,0,0,1,0.25019712817598383
,0.0,0.0,0.0,0.0,0.0,0.0,0,0,0,0,0,1,0.10502666257520672
9000.0,0.0,0.0,0.0,0.0,0.0,0.0,0,0,0,0,1,0,0.3231732939146261
30000.0,0.0,1.0,0.0,0.0,0.0,0.0,0,0,0,0,0,1,0.39181594795478025
,0.0,0.0,1.0,0.0,0.0,0.0,0,0,0,0,1,0,0.5070850671635384
30000.0,0.0,1.0,0.0,0.0,0.0,0.0,0,0,0,0,1,0,0.3136356075897886
20000.0,0.0,0.0,0.0,0.0,0.0,0.0,0,1,0,0,0,0,0.3056270117840126
40000.0,0.0,0.0,1.0,0.0,0.0,0.0,0,1,0,0,0,0,0.5292866321633715
5000.0,0.0,1.0,0.0,0.0,0.0,0.0,0,0,0,0,1,0,0.13359653176370243
35000.0,0.0,1.0,0.0,0.0,59450.0,42100.0,0,0,0,0,1,0,0.2463336048640936
24000.0,0.0,0.0,0.0,0.0,7000.0,16500.0,0,1,0,0,0,0,0.3911711419949402
,0.0,0.0,0.0,1.0,0.0,0.0,0,0,0,0,0,1,0.10502666257520672
31000.0,0.0,0.0,1.0,0.0,0.0,0.0,0,0,0,0,1,0,0.6073428696582744
10000.0,0.0,0.0,1.0,0.0,0.0,0.0,0,0,0,0,1,0,0.28925830472053476
30000.0,1.0,0.0,1.0,0.0,0.0,0.0,0,0,0,0,1,0,0.6292630511716946
,0.0,1.0,0.0,0.0,0.0,0.0,0,0,0,0,0,1,0.4842566591488244
,0.0,1.0,0.0,0.0,0.0,0.0,0,1,0,0,0,0,0.4842566591488244
,0.0,0.0,0.0,0.0,0.0,0.0,0,0,0,0,0,1,0.10502666257520672
,0.0,0.0,0.0,0.0,0.0,0.0,0,0,0,0,0,1,0.10502666257520672
5000.0,0.0,0.0,1.0,0.0,0.0,0.0,0,0,0,0,0,1,0.3054906877619318
,0.0,0.0,0.0,0.0,0.0,0.0,0,0,0,0,1,0,0.3613409877969113
11000.0,0.0,0.0,0.0,1.0,0.0,0.0,0,0,0,1,0,0,0.5364772690963856
,0.0,0.0,0.0,0.0,0.0,0.0,0,0,0,0,0,1,0.10502666257520672
5000.0,0.0,0.0,1.0,0.0,0.0,0.0,0,0,0,0,0,1,0.3054906877619318
500.0,0.0,0.0,1.0,0.0,500.0,0.0,0,0,0,0,1,0,0.7047913557591586
,0.0,0.0,1.0,0.0,0.0,0.0,0,0,0,0,1,0,0.5070850671635384
5000.0,0.0,1.0,0.0,0.0,0.0,0.0,0,0,0,0,1,0,0.13359653176370243
10000.0,0.0,0.0,0.0,0.0,0.0,0.0,0,0,0,0,1,0,0.17589992628882287
,0.0,0.0,0.0,0.0,0.0,0.0,0,0,0,0,0,1,0.10502666257520672
20000.0,0.0,0.0,1.0,0.0,0.0,0.0,0,0,0,0,1,0,0.4386203232889919
5000.0,0.0,1.0,0.0,0.0,0.0,0.0,0,0,0,0,1,0,0.13359653176370243
,0.0,0.0,1.0,0.0,0.0,0.0,0,0,0,0,1,0,0.5070850671635384
30000.0,0.0,1.0,0.0,0.0,0.0,0.0,0,0,0,0,1,0,0.3136356075897886
,0.0,1.0,0.0,0.0,0.0,0.0,0,0,0,0,0,1,0.4842566591488244
100000.0,0.0,1.0,0.0,0.0,0.0,0.0,0,0,0,0,1,0,0.25706207581847607
,0.0,0.0,1.0,0.0,0.0,0.0,0,0,0,0,1,0,0.5070850671635384
,0.0,0.0,0.0,0.0,0.0,0.0,0,0,0,0,1,0,0.3613409877969113
,0.0,0.0,0.0,0.0,0.0,0.0,0,0,0,0,1,0,0.3613409877969113
13000.0,0.0,0.0,1.0,0.0,1000.0,0.0,0,0,0,0,0,1,0.5318227585549467
2000.0,0.0,0.0,1.0,1.0,0.0,0.0,0,0,0,0,1,0,0.8936562818311332
,0.0,0.0,1.0,0.0,0.0,0.0,0,0,0,0,1,0,0.5070850671635384
30000.0,0.0,0.0,1.0,0.0,0.0,0.0,0,0,0,0,1,0,0.50970475074427
,0.0,0.0,1.0,0.0,0.0,0.0,0,0,0,0,1,0,0.5070850671635384
,0.0,1.0,0.0,0.0,0.0,0.0,0,0,0,0,1,0,0.5088021900677155
,0.0,0.0,0.0,0.0,0.0,0.0,0,0,0,0,0,1,0.10502666257520672
1000.0,0.0,0.0,0.0,0.0,1000.0,0.0,0,0,0,1,0,0,0.4806470100391086
500.0,0.0,0.0,0.0,0.0,0.0,0.0,0,0,0,0,1,0,0.48273685818144774
2000.0,0.0,0.0,1.0,1.0,0.0,0.0,0,0,0,0,1,0,0.8936562818311332
41000.0,0.0,0.0,1.0,1.0,0.0,0.0,0,0,0,0,1,0,0.6142523121264339
5000.0,0.0,0.0,0.0,0.0,0.0,0.0,1,0,0,0,0,0,0.05863618557345466
,0.0,0.0,0.0,1.0,0.0,0.0,0,0,0,0,1,0,0.3613409877969113
,0.0,0.0,0.0,0.0,0.0,0.0,0,0,0,0,1,0,0.3613409877969113
5000.0,0.0,0.0,1.0,0.0,0.0,0.0,0,0,0,0,1,0,0.4654112541524204
,0.0,1.0,0.0,0.0,0.0,0.0,0,0,0,0,0,1,0.4842566591488244
10000.0,0.0,0.0,1.0,0.0,0.0,0.0,0,0,0,0,1,0,0.28925830472053476
3000.0,0.0,0.0,0.0,0.0,0.0,0.0,0,0,0,0,0,1,0.1293767411499097
4000.0,0.0,1.0,0.0,0.0,0.0,0.0,0,0,0,1,0,0,0.12986182229840867
5000.0,0.0,0.0,0.0,0.0,0.0,0.0,0,0,0,0,1,0,0.19393874364062702
5000.0,0.0,0.0,1.0,0.0,5000.0,0.0,0,0,0,1,0,0,0.5441270172756102
5000.0,0.0,0.0,0.0,0.0,5000.0,0.0,0,0,0,0,0,1,0.14256626569497152
,0.0,0.0,1.0,0.0,0.0,0.0,0,0,0,0,1,0,0.5070850671635384
,0.0,1.0,0.0,0.0,0.0,0.0,0,0,0,0,0,1,0.4842566591488244
2000.0,0.0,1.0,0.0,0.0,2000.0,0.0,0,0,0,0,1,0,0.8152296027227852
,0.0,0.0,0.0,0.0,0.0,0.0,0,0,0,1,0,0,0.12562312214717983
,0.0,1.0,0.0,0.0,0.0,0.0,0,0,0,0,0,1,0.4842566591488244
3000.0,0.0,1.0,0.0,0.0,3000.0,0.0,0,0,0,0,0,1,0.5508652140536987
20000.0,0.0,1.0,0.0,0.0,20000.0,0.0,0,0,0,0,1,0,0.3406741999356784
,0.0,0.0,1.0,0.0,0.0,0.0,0,0,0,0,0,1,0.25019712817598383
,0.0,1.0,0.0,0.0,0.0,0.0,0,0,0,0,0,1,0.4842566591488244
,0.0,1.0,1.0,0.0,0.0,0.0,0,0,0,0,1,0,0.5504019729361074
,0.0,0.0,1.0,0.0,0.0,0.0,0,0,0,0,1,0,0.5070850671635384
,1.0,0.0,0.0,0.0,0.0,0.0,0,0,0,0,1,0,0.48773880015733995
,0.0,0.0,0.0,0.0,0.0,0.0,0,0,0,0,0,1,0.10502666257520672
,0.0,0.0,0.0,0.0,0.0,0.0,0,0,0,0,1,0,0.3613409877969113
,0.0,0.0,0.0,0.0,0.0,0.0,0,1,0,0,0,0,0.10502666257520672
120000.0,0.0,0.0,1.0,0.0,120000.0,0.0,0,1,0,0,0,0,0.3957785323593277
9000.0,0.0,0.0,0.0,0.0,9000.0,0.0,0,1,0,0,0,0,0.06110533736834609
,0.0,1.0,0.0,1.0,51900.0,0.0,0,0,0,0,1,0,0.775342941963704
23000.0,0.0,0.0,1.0,0.0,23000.0,0.0,0,0,0,0,0,1,0.542382676830903
5000.0,0.0,0.0,1.0,0.0,5000.0,0.0,0,0,0,1,0,0,0.5441270172756102
9550.0,0.0,0.0,1.0,0.0,9550.0,0.0,0,0,0,0,0,1,0.21282213881709042
,0.0,0.0,0.0,0.0,0.0,0.0,0,0,0,0,0,1,0.10502666257520672
,0.0,0.0,1.0,0.0,0.0,0.0,0,0,0,0,1,0,0.5070850671635384
,0.0,0.0,0.0,0.0,0.0,0.0,0,0,0,0,0,1,0.10502666257520672
,1.0,1.0,1.0,0.0,0.0,0.0,0,0,0,0,0,1,0.5116653909974058
,0.0,0.0,0.0,0.0,0.0,0.0,0,0,0,0,0,1,0.10502666257520672
,1.0,0.0,0.0,0.0,0.0,0.0,1,0,0,0,0,0,0.20926342252432326
3000.0,0.0,0.0,0.0,0.0,3000.0,0.0,0,0,0,0,0,1,0.09987445888380239
,0.0,0.0,1.0,0.0,0.0,0.0,0,0,0,0,0,1,0.25019712817598383
2050.0,0.0,1.0,0.0,0.0,2050.0,0.0,0,0,0,0,1,0,0.579732907570719
5000.0,0.0,0.0,1.0,0.0,5000.0,0.0,0,0,0,0,1,0,0.6969753207152914
,0.0,0.0,1.0,0.0,0.0,0.0,0,0,0,0,0,1,0.25019712817598383
1000.0,0.0,0.0,0.0,0.0,1000.0,0.0,0,0,0,0,0,1,0.4180652351437775
12000.0,0.0,0.0,1.0,0.0,12000.0,0.0,0,1,0,0,0,0,0.6467805558685458
,0.0,1.0,0.0,0.0,0.0,0.0,0,0,0,0,0,1,0.4842566591488244
1440.0,0.0,0.0,0.0,0.0,1440.0,0.0,0,0,0,0,1,0,0.5958835497582308
,1.0,0.0,0.0,0.0,0.0,0.0,1,0,0,0,0,0,0.20926342252432326
,1.0,0.0,1.0,0.0,0.0,0.0,0,0,0,0,1,0,0.6048967318948164
,1.0,0.0,0.0,0.0,30000.0,0.0,0,0,0,0,0,1,0.3163308477373276
,1.0,1.0,1.0,0.0,0.0,0.0,0,0,0,1,0,0,0.4889087022430575
,1.0,0.0,0.0,0.0,0.0,0.0,0,0,0,0,1,0,0.48773880015733995
,1.0,0.0,0.0,0.0,0.0,0.0,0,0,0,0,1,0,0.48773880015733995
,0.0,0.0,1.0,0.0,0.0,0.0,0,0,0,0,0,1,0.25019712817598383
12000.0,0.0,0.0,1.0,0.0,212000.0,0.0,0,0,0,1,0,0,0.25822784689455985
4000.0,0.0,0.0,0.0,0.0,4000.0,0.0,0,0,0,0,0,1,0.05212520783563743
,0.0,0.0,0.0,0.0,0.0,0.0,0,0,0,1,0,0,0.12562312214717983
,0.0,0.0,0.0,0.0,0.0,0.0,0,0,0,0,0,1,0.10502666257520672
3000.0,0.0,0.0,0.0,0.0,3000.0,0.0,0,0,0,0,0,1,0.09987445888380239
,0.0,0.0,0.0,0.0,0.0,0.0,0,0,0,1,0,0,0.12562312214717983
,1.0,0.0,1.0,1.0,30000.0,1600007.0,0,0,0,0,1,0,0.5480909561281428
5000.0,0.0,0.0,0.0,0.0,5000.0,0.0,0,0,0,0,0,1,0.14256626569497152
,0.0,0.0,0.0,0.0,0.0,0.0,0,0,0,1,0,0,0.12562312214717983
,0.0,1.0,0.0,0.0,0.0,0.0,0,0,0,0,0,1,0.4842566591488244
,0.0,1.0,0.0,0.0,0.0,0.0,0,0,0,0,0,1,0.4842566591488244
7000.0,0.0,0.0,0.0,0.0,7000.0,0.0,0,0,0,0,1,0,0.3167886789646453
1000.0,0.0,1.0,0.0,0.0,1000.0,0.0,0,0,0,0,1,0,0.7736190526081763
,0.0,0.0,1.0,0.0,0.0,0.0,0,0,0,0,1,0,0.5070850671635384
100.0,0.0,0.0,0.0,0.0,210600.0,270000.0,0,0,0,1,0,0,0.4666987142430396
,0.0,1.0,0.0,0.0,0.0,0.0,0,0,0,0,1,0,0.5088021900677155
,0.0,0.0,0.0,0.0,0.0,0.0,0,0,0,0,1,0,0.3613409877969113
,0.0,1.0,0.0,0.0,0.0,0.0,0,0,0,0,1,0,0.5088021900677155
,0.0,0.0,1.0,0.0,0.0,0.0,0,0,0,0,1,0,0.5070850671635384
,0.0,0.0,1.0,1.0,0.0,0.0,0,0,0,0,1,0,0.5070850671635384
,0.0,0.0,0.0,0.0,0.0,0.0,0,0,0,0,1,0,0.3613409877969113
,0.0,0.0,0.0,1.0,0.0,0.0,0,0,0,0,0,1,0.10502666257520672
,0.0,0.0,0.0,0.0,1500.0,0.0,0,0,0,0,1,0,0.491889213676247
,0.0,0.0,0.0,0.0,0.0,0.0,0,0,0,0,0,1,0.10502666257520672
2000.0,0.0,0.0,0.0,0.0,2000.0,0.0,0,0,0,0,0,1,0.3420038227318491
,0.0,0.0,0.0,0.0,0.0,0.0,1,0,0,0,0,0,0.10502666257520672
,0.0,1.0,0.0,0.0,110000.0,1617977.0,0,0,0,0,1,0,0.7063862943600742
,0.0,0.0,1.0,0.0,0.0,0.0,0,0,0,0,0,1,0.25019712817598383
3000.0,0.0,1.0,0.0,0.0,3000.0,2000.0,0,0,0,0,1,0,0.6244679836320877
1000.0,0.0,0.0,1.0,0.0,1000.0,0.0,0,0,0,0,1,0,0.760804513662885
1000.0,0.0,1.0,0.0,0.0,1000.0,0.0,0,0,0,0,0,1,0.8377045090934567
1000.0,0.0,0.0,0.0,0.0,1000.0,0.0,0,0,0,0,0,1,0.4180652351437775
,0.0,0.0,0.0,0.0,0.0,0.0,1,0,0,0,0,0,0.10502666257520672
,0.0,1.0,0.0,1.0,0.0,0.0,0,1,0,0,0,0,0.4842566591488244
3000.0,0.0,0.0,0.0,0.0,3000.0,0.0,0,0,0,0,0,1,0.09987445888380239
,1.0,1.0,0.0,1.0,0.0,0.0,0,0,0,0,1,0,0.6603243483222551
,0.0,1.0,0.0,0.0,0.0,0.0,0,0,0,0,0,1,0.4842566591488244
,0.0,0.0,0.0,0.0,0.0,0.0,0,0,0,0,0,1,0.10502666257520672
500.0,0.0,1.0,0.0,0.0,31000.0,0.0,0,0,0,0,1,0,0.8137947302851173
,0.0,1.0,0.0,0.0,0.0,0.0,0,0,0,0,0,1,0.4842566591488244
,0.0,1.0,0.0,0.0,0.0,0.0,0,0,0,0,0,1,0.4842566591488244
8000.0,0.0,1.0,0.0,0.0,8000.0,0.0,0,0,0,0,0,1,0.20555362201259617
,0.0,1.0,0.0,1.0,0.0,0.0,0,0,0,0,0,1,0.4842566591488244
,0.0,0.0,1.0,0.0,0.0,0.0,0,0,0,0,0,1,0.25019712817598383
3600.0,0.0,0.0,0.0,0.0,3600.0,0.0,0,0,0,0,1,0,0.25368750556252684
,0.0,0.0,1.0,0.0,0.0,0.0,0,0,0,0,0,1,0.25019712817598383
,0.0,1.0,0.0,0.0,0.0,0.0,0,0,0,1,0,0,0.45666507919103705
,0.0,0.0,1.0,0.0,0.0,0.0,0,0,0,0,1,0,0.5070850671635384
3000.0,0.0,0.0,1.0,0.0,3000.0,0.0,0,0,0,0,0,1,0.41180599155974595
100.0,0.0,0.0,1.0,1.0,100.0,0.0,1,0,0,0,0,0,0.753155040633515
,0.0,0.0,0.0,0.0,0.0,0.0,0,0,0,1,0,0,0.12562312214717983
,0.0,0.0,1.0,0.0,0.0,0.0,0,0,0,0,0,1,0.25019712817598383
,0.0,0.0,1.0,0.0,0.0,0.0,0,0,0,0,0,1,0.25019712817598383
,0.0,0.0,0.0,0.0,0.0,0.0,0,0,0,0,0,1,0.10502666257520672
10000.0,0.0,0.0,0.0,0.0,10000.0,0.0,0,0,0,0,1,0,0.44103413147935205
,0.0,0.0,1.0,0.0,0.0,0.0,0,0,0,0,0,1,0.25019712817598383
,0.0,0.0,1.0,1.0,0.0,0.0,0,0,0,0,0,1,0.25019712817598383
,0.0,0.0,1.0,0.0,20000.0,0.0,0,0,0,0,1,0,0.4333326690710871
,0.0,0.0,0.0,0.0,0.0,0.0,0,0,0,0,1,0,0.3613409877969113
,0.0,1.0,0.0,0.0,0.0,0.0,0,0,0,0,1,0,0.5088021900677155
1000.0,0.0,0.0,0.0,0.0,1000.0,0.0,0,0,0,0,1,0,0.6635152109154063
,0.0,0.0,0.0,0.0,0.0,0.0,0,0,0,0,1,0,0.3613409877969113
,1.0,0.0,0.0,0.0,0.0,0.0,0,0,0,1,0,0,0.2447121123258751
,0.0,1.0,0.0,0.0,0.0,0.0,0,0,0,0,0,1,0.4842566591488244
,0.0,0.0,0.0,0.0,0.0,0.0,0,0,0,0,1,0,0.3613409877969113
,0.0,0.0,0.0,0.0,0.0,0.0,0,0,0,0,0,1,0.10502666257520672
5000.0,0.0,0.0,1.0,0.0,5000.0,0.0,0,0,0,0,0,1,0.5360584404940407
,0.0,1.0,0.0,0.0,0.0,261000.0,0,0,0,0,0,1,0.4842566591488244
,0.0,0.0,0.0,0.0,0.0,0.0,0,0,0,0,0,1,0.10502666257520672
,0.0,1.0,0.0,0.0,0.0,0.0,0,0,0,1,0,0,0.45666507919103705
,0.0,1.0,0.0,0.0,0.0,0.0,0,0,0,0,0,1,0.4842566591488244
,0.0,0.0,0.0,0.0,0.0,0.0,0,0,0,0,0,1,0.10502666257520672
,0.0,0.0,0.0,0.0,0.0,0.0,0,0,0,0,0,1,0.10502666257520672
,0.0,0.0,1.0,0.0,0.0,0.0,0,0,0,0,0,1,0.25019712817598383
,1.0,0.0,0.0,0.0,0.0,0.0,0,0,0,0,1,0,0.48773880015733995
,0.0,0.0,0.0,0.0,0.0,0.0,0,0,0,0,1,0,0.3613409877969113
,0.0,1.0,0.0,0.0,0.0,0.0,0,0,0,0,0,1,0.4842566591488244
,0.0,0.0,1.0,0.0,0.0,0.0,0,0,0,0,0,1,0.25019712817598383
5000.0,0.0,0.0,1.0,0.0,5000.0,0.0,0,0,0,0,0,1,0.5360584404940407
,0.0,0.0,1.0,0.0,0.0,0.0,0,0,0,0,0,1,0.25019712817598383
,0.0,0.0,1.0,1.0,0.0,0.0,1,0,0,0,0,0,0.25019712817598383
500.0,0.0,0.0,1.0,0.0,500.0,0.0,1,0,0,0,0,0,0.6149074242829184
,0.0,0.0,1.0,0.0,0.0,0.0,1,0,0,0,0,0,0.25019712817598383
1000.0,0.0,0.0,0.0,0.0,1000.0,0.0,1,0,0,0,0,0,0.4180652351437775
,0.0,0.0,0.0,0.0,0.0,0.0,0,0,0,0,1,0,0.3613409877969113
,0.0,0.0,0.0,0.0,0.0,0.0,0,1,0,0,0,0,0.10502666257520672
,0.0,0.0,0.0,0.0,0.0,0.0,0,0,0,0,1,0,0.3613409877969113
,0.0,0.0,0.0,0.0,0.0,0.0,0,0,0,0,0,1,0.10502666257520672
,0.0,1.0,0.0,0.0,0.0,0.0,0,0,0,0,0,1,0.4842566591488244
,0.0,0.0,1.0,0.0,0.0,0.0,0,0,0,0,0,1,0.25019712817598383
500.0,0.0,0.0,0.0,0.0,500.0,0.0,0,1,0,0,0,0,0.47318991738846095
,0.0,1.0,0.0,0.0,0.0,0.0,0,0,0,0,1,0,0.5088021900677155
,0.0,0.0,1.0,0.0,0.0,0.0,0,0,0,0,1,0,0.5070850671635384
,0.0,0.0,0.0,0.0,0.0,0.0,0,0,0,0,1,0,0.3613409877969113
15000.0,0.0,1.0,0.0,0.0,16000.0,0.0,0,0,0,0,1,0,0.44152681142195827
,0.0,1.0,0.0,0.0,0.0,0.0,0,0,0,0,0,1,0.4842566591488244
,0.0,1.0,0.0,0.0,0.0,0.0,0,0,0,0,0,1,0.4842566591488244
,0.0,1.0,0.0,0.0,0.0,0.0,0,0,0,0,1,0,0.5088021900677155
1000.0,0.0,0.0,1.0,0.0,1000.0,0.0,0,1,0,0,0,0,0.5619984920072213
,0.0,0.0,1.0,0.0,0.0,0.0,0,0,0,1,0,0,0.2547546417887509
8500.0,0.0,0.0,0.0,0.0,8500.0,0.0,0,0,0,0,1,0,0.2239034324914701
,0.0,0.0,0.0,0.0,0.0,0.0,0,0,0,0,1,0,0.3613409877969113
,0.0,0.0,1.0,0.0,0.0,0.0,0,0,0,0,1,0,0.5070850671635384
,0.0,0.0,0.0,0.0,0.0,0.0,0,1,0,0,0,0,0.10502666257520672
10000.0,0.0,0.0,0.0,0.0,10000.0,0.0,1,0,0,0,0,0,0.12905266224961687
,0.0,0.0,0.0,0.0,0.0,0.0,0,0,0,0,1,0,0.3613409877969113
10000.0,0.0,0.0,1.0,0.0,10000.0,0.0,0,0,0,0,1,0,0.5673510159923407
,0.0,0.0,1.0,0.0,0.0,0.0,0,0,0,0,1,0,0.5070850671635384
,0.0,0.0,1.0,0.0,9900.0,0.0,1,0,0,0,0,0,0.29029987463163587
,0.0,0.0,0.0,0.0,0.0,0.0,0,0,0,0,0,1,0.10502666257520672
,0.0,0.0,1.0,0.0,0.0,0.0,0,0,0,0,0,1,0.25019712817598383
10000.0,0.0,1.0,0.0,0.0,150000.0,0.0,0,0,0,0,0,1,0.2846948347773867
500.0,0.0,0.0,0.0,0.0,500.0,0.0,0,0,0,0,1,0,0.5979160373014382
1000.0,0.0,0.0,1.0,0.0,1000.0,0.0,0,0,0,0,0,1,0.5619984920072213
,0.0,0.0,0.0,0.0,0.0,0.0,0,0,0,0,0,1,0.10502666257520672
,0.0,0.0,0.0,0.0,0.0,0.0,0,0,0,0,0,1,0.10502666257520672
,0.0,1.0,0.0,0.0,0.0,0.0,0,0,0,0,0,1,0.4842566591488244
,0.0,0.0,0.0,0.0,0.0,0.0,0,0,0,0,0,1,0.10502666257520672
,0.0,0.0,1.0,0.0,0.0,0.0,0,0,0,1,0,0,0.2547546417887509
,0.0,0.0,0.0,0.0,0.0,0.0,0,0,0,1,0,0,0.12562312214717983
,0.0,0.0,0.0,0.0,0.0,0.0,0,0,0,0,0,1,0.10502666257520672
,0.0,0.0,0.0,0.0,0.0,0.0,0,0,0,0,1,0,0.3613409877969113
,0.0,0.0,0.0,0.0,0.0,0.0,0,0,0,0,0,1,0.10502666257520672
3000.0,0.0,0.0,1.0,0.0,3000.0,0.0,0,0,0,0,0,1,0.41180599155974595
,0.0,1.0,0.0,0.0,0.0,0.0,0,0,0,0,0,1,0.4842566591488244
300000.0,0.0,1.0,0.0,0.0,300000.0,0.0,0,0,0,0,0,1,0.21931135751761724
,0.0,0.0,0.0,0.0,0.0,0.0,1,0,0,0,0,0,0.10502666257520672
,0.0,0.0,0.0,0.0,0.0,0.0,0,0,0,0,1,0,0.3613409877969113
,0.0,0.0,1.0,0.0,0.0,0.0,0,0,0,0,1,0,0.5070850671635384
1000.0,0.0,0.0,0.0,0.0,1000.0,0.0,0,0,0,0,1,0,0.6635152109154063
,0.0,0.0,0.0,0.0,0.0,0.0,0,0,0,0,1,0,0.3613409877969113
,0.0,0.0,0.0,0.0,0.0,0.0,0,0,0,0,0,1,0.10502666257520672
,0.0,0.0,0.0,0.0,0.0,0.0,0,0,0,0,1,0,0.3613409877969113
,0.0,1.0,0.0,1.0,0.0,3846.0,0,0,0,0,0,1,0.4842566591488244
,0.0,0.0,1.0,0.0,0.0,0.0,0,0,1,0,0,0,0.25019712817598383
,0.0,0.0,1.0,1.0,0.0,0.0,0,0,0,1,0,0,0.2547546417887509
1500.0,0.0,1.0,0.0,0.0,1500.0,0.0,0,0,0,0,1,0,0.6910231096426236
1000.0,0.0,0.0,0.0,0.0,6000.0,0.0,0,0,0,0,0,1,0.387262564226935
,0.0,1.0,0.0,0.0,0.0,0.0,0,0,0,1,0,0,0.45666507919103705
5000.0,0.0,0.0,0.0,0.0,5000.0,0.0,0,0,0,1,0,0,0.1764093074147444
8880.0,0.0,0.0,0.0,0.0,8880.0,0.0,0,0,0,0,1,0,0.2239034324914701
2000.0,0.0,0.0,0.0,0.0,2850.0,0.0,0,0,0,0,1,0,0.6449685879902506
,0.0,0.0,1.0,0.0,10000.0,0.0,0,0,0,1,0,0,0.3792832669537982
10000.0,0.0,0.0,0.0,0.0,10000.0,0.0,0,0,0,0,0,1,0.12905266224961687
,0.0,0.0,0.0,0.0,0.0,0.0,0,0,0,0,0,1,0.10502666257520672
2500.0,0.0,0.0,1.0,0.0,2500.0,0.0,0,0,0,0,1,0,0.7257837820896317
,0.0,0.0,0.0,0.0,0.0,0.0,0,0,0,0,0,1,0.10502666257520672
,0.0,0.0,1.0,0.0,0.0,0.0,0,0,0,0,0,1,0.25019712817598383
,1.0,0.0,0.0,0.0,0.0,0.0,1,0,0,0,0,0,0.20926342252432326
,0.0,0.0,0.0,0.0,0.0,0.0,0,0,0,0,1,0,0.3613409877969113
,0.0,0.0,1.0,0.0,0.0,0.0,1,0,0,0,0,0,0.25019712817598383
1000.0,0.0,0.0,1.0,0.0,1000.0,0.0,0,0,0,0,1,0,0.760804513662885
,0.0,0.0,0.0,0.0,0.0,0.0,0,0,0,0,0,1,0.10502666257520672
,1.0,0.0,0.0,0.0,0.0,0.0,1,0,0,0,0,0,0.20926342252432326
,0.0,0.0,1.0,0.0,0.0,0.0,0,0,0,0,0,1,0.25019712817598383
2000.0,0.0,0.0,0.0,0.0,2000.0,0.0,0,0,0,0,0,1,0.3420038227318491
,0.0,0.0,0.0,0.0,0.0,0.0,0,0,0,0,0,1,0.10502666257520672
8000.0,0.0,0.0,1.0,0.0,8000.0,0.0,0,0,0,0,0,1,0.1719948908968007
,0.0,0.0,1.0,0.0,0.0,0.0,0,0,0,0,0,1,0.25019712817598383
5010.0,0.0,0.0,1.0,0.0,5010.0,0.0,0,0,0,0,1,0,0.7965645622361567
,0.0,0.0,0.0,0.0,0.0,0.0,0,0,0,0,0,1,0.10502666257520672
10000.0,0.0,1.0,0.0,0.0,10000.0,0.0,0,0,0,0,1,0,0.3516842662205035
,0.0,0.0,0.0,0.0,0.0,0.0,0,0,0,0,1,0,0.3613409877969113
1000.0,0.0,0.0,1.0,0.0,1000.0,0.0,0,0,0,0,1,0,0.760804513662885
9000.0,0.0,0.0,0.0,0.0,9000.0,0.0,0,0,0,0,0,1,0.06110533736834609
,0.0,0.0,0.0,0.0,0.0,0.0,0,0,0,0,1,0,0.3613409877969113
,0.0,0.0,0.0,0.0,0.0,0.0,0,0,0,0,0,1,0.10502666257520672
