capital,university,venture,enterprise,procurement_before,procurement_after,energy_and_semiconductor,finance,ecology,bio,computer,service,accelerator,lgbm_pred
500000.0,0.0,1.0,0.0,1182000.0,0.0,0,0,0,0,0,1,0.0,0.35350968328472365
10000.0,0.0,0.0,1.0,224200.0,120000.0,0,0,0,0,1,0,0.0,0.3020465300805642
240.0,0.0,0.0,1.0,17660.0,60660.0,0,0,0,1,0,0,0.0,0.5693269330424807
3000.0,1.0,0.0,0.0,13050.0,0.0,0,0,0,0,1,0,0.0,0.632277476936042
1000.0,0.0,0.0,1.0,1000.0,0.0,1,0,0,0,0,0,0.0,0.18543280910260074
2000.0,0.0,0.0,1.0,118213.0,100200.0,0,0,0,0,0,1,0.0,0.7424549585396183
11500.0,1.0,0.0,0.0,417900.0,0.0,0,0,0,1,0,0,0.0,0.20476781155285909
10000.0,0.0,1.0,0.0,10000.0,0.0,0,0,0,0,0,1,0.0,0.09283395817082403
10300.0,0.0,0.0,0.0,10300.0,0.0,0,0,0,0,0,1,0.0,0.14039325870905997
9000.0,0.0,1.0,0.0,31300.0,0.0,0,0,0,0,1,0,0.0,0.5933044027984993
5000.0,0.0,1.0,0.0,9000.0,20000.0,0,0,0,0,0,1,0.0,0.44410705459849137
10000.0,0.0,1.0,0.0,10000.0,0.0,1,0,0,0,0,0,0.0,0.09283395817082403
5000.0,0.0,0.0,0.0,5000.0,0.0,0,0,0,0,1,0,0.0,0.12847377683750358
5000.0,0.0,0.0,0.0,5000.0,0.0,0,0,0,0,0,1,0.0,0.053071241215675066
1.0,0.0,0.0,0.0,1.0,0.0,0,0,0,0,0,1,0.0,0.24278130329025738
1550.0,0.0,0.0,0.0,1550.0,0.0,0,0,0,0,0,1,0.0,0.10926865067565668
3000.0,0.0,0.0,0.0,3000.0,0.0,0,0,0,1,0,0,0.0,0.060896191935922044
1000.0,0.0,0.0,0.0,1000.0,0.0,0,0,0,0,1,0,0.0,0.2194458251934323
8000.0,0.0,0.0,1.0,26000.0,95000.0,0,0,0,1,0,0,0.0,0.22484017646584495
10000.0,0.0,0.0,0.0,0.0,0.0,0,0,0,0,0,1,0.0,0.12549782491900338
10000.0,0.0,0.0,0.0,10000.0,0.0,0,0,0,0,0,1,0.0,0.04641671583307664
5000.0,0.0,1.0,0.0,5000.0,60000.0,0,0,0,0,1,0,0.0,0.18217879247132393
1000.0,0.0,0.0,1.0,737880.0,2549409.0,0,1,0,0,0,0,0.0,0.7481652861567712
4500.0,0.0,0.0,0.0,5000.0,203000.0,0,0,0,0,0,1,0.0,0.053071241215675066
1000.0,0.0,0.0,0.0,1000.0,0.0,0,0,0,0,0,1,0.0,0.09656687717493118
3000.0,0.0,1.0,0.0,57960.0,62375.0,0,0,0,1,0,0,0.0,0.35876418457238274
1000.0,0.0,0.0,1.0,15500.0,0.0,0,0,0,0,1,0,0.0,0.7761322520017799
1000.0,0.0,0.0,1.0,1000.0,1090431.0,0,0,0,1,0,0,0.0,0.18543280910260074
30.0,1.0,0.0,0.0,2000.0,49500.0,1,0,0,0,0,0,0.0,0.10926865067565668
5000.0,0.0,0.0,1.0,5000.0,100000.0,0,0,0,0,1,0,0.0,0.24608873428243827
1000.0,0.0,0.0,1.0,861420.0,0.0,1,0,0,0,0,0,0.0,0.7481652861567712
3200.0,0.0,0.0,1.0,18200.0,0.0,0,0,0,0,0,1,0.0,0.5162445478671711
33000.0,0.0,0.0,1.0,599500.0,0.0,1,0,0,0,0,0,0.0,0.5356944185695399
5000.0,0.0,0.0,1.0,5000.0,0.0,0,0,0,0,1,0,0.0,0.24608873428243827
1000.0,0.0,0.0,1.0,141000.0,33600.0,0,1,0,0,0,0,0.0,0.7481652861567712
6000.0,0.0,0.0,1.0,54000.0,0.0,0,0,0,0,0,1,0.0,0.7233546345792972
100.0,1.0,1.0,0.0,110100.0,744900.0,0,0,0,1,0,0,0.0,0.786043773813591
1100.0,1.0,0.0,0.0,130800.0,35100.0,0,0,0,1,0,0,0.0,0.6427963422228049
10000.0,1.0,0.0,1.0,0.0,0.0,0,0,0,1,0,0,0.0,0.23408903763645422
1000.0,0.0,0.0,0.0,26200.0,70740.0,0,0,0,0,1,0,0.0,0.6868511909000256
3580.0,0.0,0.0,1.0,3580.0,0.0,0,0,0,0,0,1,0.0,0.08461236875944865
2000.0,0.0,0.0,1.0,2000.0,0.0,0,0,0,0,0,1,0.0,0.2022461256305307
1000.0,0.0,1.0,0.0,1000.0,0.0,0,0,0,0,0,1,0.0,0.1603394438793282
10000.0,0.0,0.0,0.0,10000.0,0.0,0,0,1,0,0,0,0.0,0.04641671583307664
1000.0,0.0,0.0,1.0,0.0,0.0,0,0,0,1,0,0,0.0,0.40576779816796527
2000.0,0.0,1.0,0.0,341998.0,650001.0,0,0,0,0,0,1,0.0,0.7809408581202252
1000.0,0.0,1.0,0.0,63000.0,375000.0,0,0,0,0,0,1,0.0,0.4093561986699078
5000.0,1.0,0.0,0.0,82000.0,0.0,1,0,0,0,0,0,0.0,0.18722075694847867
1000.0,1.0,1.0,0.0,32500.0,84350.0,0,0,0,0,1,0,0.0,0.825494281880696
2000.0,0.0,0.0,1.0,9000.0,0.0,0,0,0,0,0,1,0.0,0.4596885515769305
10.0,1.0,1.0,0.0,80273.0,574145.0,0,0,0,0,0,1,0.0,0.4093561986699078
1000.0,0.0,0.0,1.0,1000.0,0.0,0,0,0,0,0,1,0.0,0.18543280910260074
10000.0,0.0,0.0,1.0,14600.0,3525.0,0,0,0,0,1,0,0.0,0.16687792683726743
1000.0,0.0,0.0,0.0,2685405.0,977490.0,1,0,0,0,0,0,0.0,0.6427963422228049
9000.0,0.0,0.0,1.0,9000.0,0.0,0,0,0,0,1,0,0.0,0.3677357556245808
1000.0,1.0,0.0,0.0,71200.0,109620.0,0,0,1,0,0,0,0.0,0.25344042442064196
1000.0,0.0,0.0,1.0,93981.0,605250.0,0,0,0,0,1,0,0.0,0.6298781062160971
36300.0,0.0,0.0,1.0,296300.0,500000.0,1,0,0,0,0,0,0.0,0.334926869361434
10.0,0.0,0.0,1.0,112883.0,119996.0,0,0,0,0,1,0,0.0,0.8221015608706556
3000.0,0.0,0.0,0.0,84300.0,115100.0,0,0,0,0,1,0,0.0,0.417326575714852
1000.0,0.0,1.0,0.0,79580.0,0.0,1,0,0,0,0,0,0.0,0.4093561986699078
5000.0,1.0,0.0,0.0,85000.0,0.0,0,0,0,1,0,0,0.0,0.2057020275285013
9800.0,0.0,0.0,0.0,70019.0,20000.0,0,0,0,0,0,1,0.0,0.029257353545492255
10000.0,0.0,1.0,0.0,316000.0,260000.0,0,0,0,0,0,1,0.0,0.2459477084248517
10000.0,0.0,0.0,1.0,155718.0,300001.0,1,0,0,0,0,0,0.0,0.20870767716294178
6500.0,0.0,0.0,0.0,108000.0,0.0,0,0,0,0,1,0,0.0,0.5206337530686054
1000.0,0.0,0.0,0.0,1000.0,0.0,0,0,0,0,0,1,0.0,0.09656687717493118
5000.0,0.0,1.0,0.0,707300.0,0.0,0,0,0,0,0,1,0.0,0.7136987908614891
600.0,0.0,0.0,1.0,8100.0,28800.0,0,0,0,0,0,1,0.0,0.4671690145734348
16540.0,0.0,0.0,0.0,27200.0,0.0,0,0,0,0,0,1,0.0,0.15977633145993791
200.0,0.0,0.0,0.0,5200.0,0.0,0,0,0,0,1,0,0.0,0.18496256650116383
1000.0,0.0,1.0,0.0,20500.0,357999.0,0,0,0,1,0,0,0.0,0.632881425849158
1000.0,0.0,0.0,1.0,21225.0,4500.0,0,0,0,1,0,0,0.0,0.5693269330424807
11600.0,0.0,0.0,1.0,11600.0,77000.0,0,0,0,0,1,0,0.0,0.3167653935118539
1000.0,0.0,0.0,0.0,101000.0,1121340.0,0,1,0,0,0,0,0.0,0.30040885256171207
9000.0,0.0,1.0,0.0,23500.0,545000.0,0,0,0,0,0,1,0.0,0.2744448415231859
3000.0,0.0,0.0,1.0,36852.0,660447.0,0,0,0,0,0,1,0.0,0.60089222977531
400.0,0.0,1.0,0.0,189400.0,91800.0,0,0,0,0,0,1,0.0,0.786043773813591
149500.0,0.0,0.0,1.0,159670.0,59750.0,0,0,0,0,1,0,0.0,0.25477052816040724
560.0,0.0,1.0,0.0,259000.0,110360.0,0,0,0,0,1,0,0.0,0.8127365399911508
215000.0,0.0,0.0,1.0,255491.0,0.0,0,0,0,0,0,1,0.0,0.22305982281571743
388000.0,0.0,1.0,0.0,347727.0,0.0,0,0,0,0,0,1,0.0,0.35350968328472365
275000.0,0.0,1.0,1.0,250000.0,0.0,0,1,0,0,0,0,0.0,0.3647867729943367
379000.0,1.0,0.0,0.0,706171.0,0.0,0,0,0,1,0,0,0.0,0.20577795482484448
3000.0,0.0,0.0,0.0,0.0,0.0,0,0,0,0,0,1,0.0,0.20560963676054078
7000.0,0.0,0.0,0.0,0.0,0.0,0,0,0,0,1,0,0.0,0.5248828762061218
3000.0,0.0,1.0,0.0,0.0,0.0,0,0,0,0,1,0,0.0,0.4270934515440179
10000.0,0.0,0.0,0.0,0.0,0.0,0,0,0,0,1,0,0.0,0.2847669131198281
30000.0,0.0,0.0,0.0,0.0,0.0,0,0,0,0,0,1,0.0,0.24798819570900094
1000.0,0.0,1.0,1.0,0.0,0.0,0,0,0,0,1,0,0.0,0.6596378971146664
81000.0,0.0,1.0,1.0,0.0,0.0,0,1,0,0,0,0,0.0,0.35777486299522354
86000.0,0.0,1.0,1.0,16000.0,30000.0,0,0,0,0,1,0,0.0,0.414519591695512
50000.0,1.0,0.0,0.0,100000.0,0.0,0,0,1,0,0,0,0.0,0.06682831359692293
150000.0,1.0,0.0,0.0,180000.0,0.0,0,0,0,1,0,0,0.0,0.20577795482484448
2000.0,1.0,0.0,0.0,0.0,0.0,1,0,0,0,0,0,0.0,0.23729369817343526
23000.0,0.0,1.0,1.0,37330.0,0.0,0,0,1,0,0,0,0.0,0.308590551079252
89000.0,0.0,0.0,0.0,67994.0,39990.0,0,0,0,1,0,0,0.0,0.06022111272293459
60000.0,0.0,0.0,1.0,9000.0,0.0,0,0,0,0,1,0,0.0,0.31571995097557115
378000.0,0.0,0.0,1.0,99500.0,0.0,0,1,0,0,0,0,0.0,0.07476004745330606
58000.0,0.0,0.0,0.0,10000.0,96000.0,0,0,0,0,0,1,0.0,0.14622043143606187
98000.0,0.0,0.0,1.0,26982.0,82974.0,0,0,0,0,0,1,0.0,0.17818907814690613
154000.0,1.0,0.0,0.0,217000.0,0.0,1,0,0,0,0,0,0.0,0.20577795482484448
468000.0,0.0,1.0,1.0,250866.0,685000.0,0,0,0,0,0,1,0.0,0.3647867729943367
8000.0,0.0,0.0,1.0,0.0,0.0,0,0,0,0,1,0,0.0,0.5644430459521536
1280000.0,0.0,1.0,0.0,402999.0,399996.0,0,0,0,1,0,0,0.0,0.35350968328472365
60000.0,1.0,1.0,0.0,38000.0,77580.0,1,0,0,0,0,0,0.0,0.34903681697510136
2000.0,0.0,0.0,0.0,2000.0,0.0,1,0,0,0,0,0,0.0,0.10637489927648812
166000.0,0.0,0.0,0.0,1000.0,40280.0,0,0,0,1,0,0,0.0,0.09159529187685468
91000.0,0.0,0.0,1.0,11600.0,1050.0,0,0,0,1,0,0,0.0,0.14159781086451484
200000.0,0.0,0.0,0.0,127453.0,0.0,0,0,0,0,1,0,0.0,0.22883385471717793
102000.0,0.0,0.0,1.0,582500.0,0.0,1,0,0,0,0,0,0.0,0.22305982281571743
100000.0,0.0,0.0,0.0,50000.0,0.0,1,0,0,0,0,0,0.0,0.20258855115222796
150000.0,0.0,1.0,0.0,300008.0,0.0,0,0,0,0,1,0,0.0,0.3308808872453491
30000.0,0.0,0.0,1.0,0.0,0.0,0,0,0,0,0,1,0.0,0.3538867238012555
30000.0,0.0,0.0,0.0,50000.0,0.0,0,0,0,1,0,0,0.0,0.14269270751973742
10000.0,0.0,0.0,0.0,0.0,0.0,0,0,0,1,0,0,0.0,0.12549782491900338
100000.0,0.0,0.0,1.0,22150.0,80000.0,0,0,0,1,0,0,0.0,0.17818907814690613
33000.0,0.0,0.0,0.0,33060.0,0.0,0,0,0,0,0,1,0.0,0.498396465179411
4000.0,1.0,0.0,0.0,0.0,0.0,1,0,0,0,0,0,0.0,0.16422601263923234
10000.0,1.0,0.0,1.0,0.0,0.0,0,0,1,0,0,0,0.0,0.23408903763645422
6000.0,1.0,0.0,0.0,0.0,0.0,0,0,0,0,1,0,0.0,0.5883892217301956
1000.0,0.0,0.0,1.0,0.0,2328.0,0,0,0,0,0,1,0.0,0.40576779816796527
100000.0,0.0,0.0,0.0,10000.0,0.0,0,0,1,0,0,0,0.0,0.14622043143606187
38000.0,0.0,0.0,0.0,1000.0,22300.0,0,0,0,0,0,1,0.0,0.16142917126702058
63000.0,0.0,0.0,1.0,3000.0,0.0,0,0,0,0,1,0,0.0,0.19423155459386363
153000.0,0.0,0.0,0.0,0.0,0.0,0,0,0,0,1,0,0.0,0.3660809264374929
20000.0,0.0,0.0,0.0,0.0,0.0,0,0,0,0,1,0,0.0,0.4615344128344633
10000.0,0.0,1.0,1.0,5000.0,0.0,0,0,0,0,1,0,0.0,0.2228658207454404
13000.0,0.0,0.0,1.0,0.0,0.0,0,0,0,0,1,0,0.0,0.6711171024366448
61000.0,0.0,1.0,0.0,9900.0,102000.0,0,0,0,0,1,0,0.0,0.37176390681442406
27000.0,1.0,0.0,0.0,0.0,24650.0,0,0,0,1,0,0,0.0,0.263047918101233
37000.0,0.0,0.0,1.0,7000.0,30000.0,0,0,0,0,0,1,0.0,0.1486088331274343
25000.0,0.0,0.0,1.0,0.0,0.0,0,0,0,0,0,1,0.0,0.3721945204337112
23000.0,0.0,1.0,0.0,0.0,0.0,0,0,0,0,1,0,0.0,0.4924606104194128
16000.0,0.0,0.0,0.0,0.0,0.0,0,0,0,0,0,1,0.0,0.3253315778191802
52000.0,0.0,0.0,1.0,0.0,99992.0,0,0,0,0,1,0,0.0,0.4533900766860162
2000.0,1.0,0.0,0.0,0.0,0.0,1,0,0,0,0,0,0.0,0.23729369817343526
100000.0,0.0,1.0,0.0,0.0,0.0,0,0,0,0,1,0,0.0,0.3953066312020772
58000.0,0.0,1.0,0.0,0.0,29400.0,0,0,0,0,1,0,0.0,0.3953066312020772
23000.0,0.0,1.0,0.0,3000.0,32400.0,0,0,0,0,1,0,0.0,0.2282433936606778
75000.0,0.0,0.0,0.0,30035.0,0.0,0,0,0,0,1,0,0.0,0.484356582951511
5000.0,0.0,0.0,0.0,0.0,0.0,0,0,0,0,0,1,0.0,0.1979239098592298
90000.0,0.0,0.0,0.0,90000.0,0.0,0,0,0,0,0,1,0.0,0.06508441262689808
155000.0,1.0,0.0,0.0,0.0,50000.0,1,0,0,0,0,0,0.0,0.22288564678322081
58000.0,0.0,1.0,0.0,11162.0,50100.0,0,0,0,1,0,0,0.0,0.255260785514193
100000.0,0.0,0.0,0.0,0.0,0.0,0,0,0,1,0,0,0.0,0.22288564678322081
29000.0,0.0,0.0,1.0,1200.0,29610.0,0,0,0,0,1,0,0.0,0.3031531933277304
10000.0,0.0,0.0,1.0,20000.0,0.0,0,0,0,0,1,0,0.0,0.20841586907065923
202000.0,0.0,1.0,0.0,75000.0,40690.0,0,0,0,0,0,1,0.0,0.1191290698445617
104000.0,0.0,0.0,1.0,84000.0,20000.0,0,0,0,0,0,1,0.0,0.06984496158788751
5000.0,0.0,0.0,1.0,10200.0,0.0,0,0,0,0,0,1,0.0,0.45525223854691566
106000.0,0.0,0.0,1.0,108780.0,0.0,0,0,0,0,1,0,0.0,0.1415597149107694
9000.0,0.0,0.0,1.0,0.0,0.0,0,0,0,0,0,1,0.0,0.3099930873397799
4000.0,0.0,0.0,0.0,0.0,0.0,0,0,0,0,0,1,0.0,0.16422601263923234
1000.0,0.0,0.0,0.0,0.0,0.0,0,0,0,0,0,1,0.0,0.24278130329025738
90000.0,0.0,0.0,0.0,0.0,0.0,0,0,0,0,0,1,0.0,0.22288564678322081
500.0,0.0,1.0,0.0,0.0,0.0,0,0,0,0,1,0,0.0,0.48010669491097524
10000.0,0.0,0.0,1.0,10000.0,0.0,1,0,0,0,0,0,0.0,0.07080818812947999
15000.0,0.0,0.0,0.0,0.0,0.0,0,0,0,0,0,1,0.0,0.3253315778191802
12000.0,0.0,1.0,0.0,0.0,0.0,0,0,0,0,0,1,0.0,0.40874515344810214
15000.0,0.0,0.0,0.0,15000.0,0.0,0,0,0,0,1,0,0.0,0.2635690448335839
5000.0,0.0,0.0,1.0,5000.0,20000.0,0,0,0,0,0,1,0.0,0.10663468954923765
49000.0,0.0,0.0,1.0,48383.0,25293.0,0,0,0,0,0,1,0.0,0.2125484817139451
100000.0,0.0,0.0,1.0,1597500.0,0.0,0,0,0,0,1,0,0.0,0.25477052816040724
109000.0,0.0,0.0,0.0,9000.0,100000.0,1,0,0,0,0,0,0.0,0.17338139756387308
5000.0,0.0,0.0,1.0,0.0,68000.0,0,0,0,0,1,0,0.0,0.5896903293053786
31000.0,0.0,0.0,1.0,56000.0,0.0,0,0,0,0,0,1,0.0,0.1776228138223816
35000.0,0.0,0.0,1.0,25000.0,0.0,1,0,0,0,0,0,0.0,0.27553344782156763
65000.0,0.0,0.0,1.0,65000.0,0.0,0,1,0,0,0,0,0.0,0.06629911422677495
55000.0,0.0,1.0,0.0,80025.0,0.0,0,0,0,0,1,0,0.0,0.17514935927630637
37000.0,0.0,1.0,0.0,0.0,32000.0,0,0,0,0,1,0,0.0,0.6371045347763713
16000.0,0.0,0.0,1.0,0.0,0.0,0,0,0,1,0,0,0.0,0.44472594798424325
60000.0,0.0,0.0,1.0,0.0,0.0,0,0,0,0,1,0,0.0,0.4618703453179276
46000.0,0.0,1.0,0.0,21000.0,0.0,0,0,0,0,1,0,0.0,0.39598415265565656
1000.0,1.0,1.0,0.0,0.0,0.0,0,0,0,0,1,0,0.0,0.48010669491097524
22000.0,0.0,1.0,0.0,12040.0,31180.0,0,0,0,0,0,1,0.0,0.18879372301314581
100.0,1.0,0.0,0.0,99100.0,102000.0,0,0,0,1,0,0,0.0,0.2895062389528591
2000.0,0.0,0.0,0.0,122000.0,0.0,0,0,0,0,0,1,0.0,0.6358596490922956
85000.0,0.0,0.0,1.0,169000.0,0.0,0,0,0,0,0,1,0.0,0.22305982281571743
277000.0,0.0,0.0,1.0,108620.0,126750.0,0,0,0,0,1,0,0.0,0.1415597149107694
8000.0,1.0,0.0,0.0,0.0,0.0,0,0,0,0,0,1,0.0,0.17419927454979184
3000.0,0.0,1.0,0.0,500.0,50000.0,0,0,0,0,0,1,0.0,0.26413754309464266
42000.0,0.0,0.0,0.0,19600.0,63050.0,0,0,0,0,0,1,0.0,0.26406633757625053
300000.0,0.0,0.0,1.0,510642.0,0.0,0,0,0,0,1,0,0.0,0.25477052816040724
70000.0,0.0,0.0,0.0,9980.0,9980.0,1,0,0,0,0,0,0.0,0.14622043143606187
93000.0,0.0,0.0,1.0,166980.0,0.0,0,0,0,0,1,0,0.0,0.25477052816040724
91000.0,0.0,1.0,0.0,131200.0,0.0,0,0,0,1,0,0,0.0,0.35350968328472365
21000.0,0.0,0.0,0.0,20000.0,0.0,0,0,0,0,0,1,0.0,0.12339093980327437
17000.0,0.0,1.0,0.0,32497.0,76580.0,0,0,0,0,1,0,0.0,0.4805932490405842
30000.0,0.0,1.0,0.0,15000.0,0.0,0,0,0,0,0,1,0.0,0.18268251795459609
2000.0,0.0,0.0,0.0,1500.0,0.0,0,0,0,0,1,0,0.0,0.2143363740680003
2000.0,0.0,0.0,1.0,2000.0,0.0,0,0,0,0,0,1,0.0,0.2022461256305307
14000.0,0.0,0.0,0.0,12500.0,0.0,0,0,0,1,0,0,0.0,0.13345804684100557
89000.0,0.0,0.0,0.0,50.0,100000.0,0,0,0,0,0,1,0.0,0.22288564678322081
40000.0,1.0,0.0,0.0,25000.0,30000.0,0,0,0,0,1,0,0.0,0.4562440675557579
181000.0,0.0,0.0,1.0,0.0,0.0,0,0,0,0,0,1,0.0,0.29077691506251147
50000.0,0.0,0.0,0.0,99900.0,0.0,0,0,0,0,0,1,0.0,0.06682831359692293
75000.0,0.0,1.0,0.0,105000.0,0.0,0,0,0,0,0,1,0.0,0.13954648006039058
10000.0,0.0,1.0,0.0,10000.0,0.0,0,0,0,0,1,0,0.0,0.18312783151685827
66000.0,0.0,1.0,0.0,66120.0,0.0,0,0,0,0,1,0,0.0,0.17514935927630637
14000.0,1.0,0.0,1.0,6100.0,20000.0,0,0,0,1,0,0,0.0,0.1291398339775397
125000.0,0.0,1.0,0.0,183950.0,0.0,0,0,0,0,1,0,0.0,0.3308808872453491
74000.0,1.0,0.0,1.0,145504.0,0.0,1,0,0,0,0,0,0.0,0.22305982281571743
135000.0,0.0,0.0,0.0,9900.0,250000.0,0,0,0,0,1,0,0.0,0.25641307154167087
22000.0,0.0,0.0,0.0,2000.0,0.0,0,0,0,0,1,0,0.0,0.22427867946105814
44000.0,0.0,0.0,1.0,83730.0,0.0,0,0,0,0,1,0,0.0,0.23685265187075674
13000.0,0.0,0.0,0.0,0.0,0.0,0,0,0,0,0,1,0.0,0.32980052762413675
64000.0,0.0,1.0,0.0,41000.0,0.0,0,0,1,0,0,0,0.0,0.34903681697510136
70000.0,0.0,0.0,1.0,70000.0,0.0,0,0,0,0,0,1,0.0,0.06629911422677495
23000.0,0.0,0.0,0.0,23400.0,0.0,0,0,0,0,1,0,0.0,0.2502665598846851
7000.0,0.0,1.0,0.0,62000.0,150000.0,0,0,0,0,0,1,0.0,0.41875037904097484
10000.0,0.0,1.0,0.0,0.0,0.0,0,0,0,0,0,1,0.0,0.1659863746935379
30000.0,0.0,1.0,0.0,44995.0,0.0,0,0,0,0,1,0,0.0,0.393426422146972
10000.0,0.0,1.0,0.0,10000.0,0.0,0,0,0,0,1,0,0.0,0.18312783151685827
2000.0,0.0,1.0,0.0,2000.0,0.0,0,0,0,0,0,1,0.0,0.17536736071083894
50000.0,0.0,0.0,0.0,0.0,0.0,0,0,0,1,0,0,0.0,0.2156821319177643
10000.0,0.0,0.0,1.0,10000.0,0.0,0,0,0,0,1,0,0.0,0.1802026674657206
100000.0,0.0,0.0,1.0,160000.0,450000.0,0,0,0,1,0,0,0.0,0.22305982281571743
30000.0,0.0,1.0,0.0,30000.0,0.0,0,0,0,0,1,0,0.0,0.34503343088398714
2000.0,1.0,0.0,0.0,2000.0,0.0,0,0,0,0,1,0,0.0,0.23844038009136884
100000.0,0.0,0.0,0.0,100000.0,0.0,0,0,0,0,0,1,0.0,0.06950083902729319
8000.0,0.0,0.0,1.0,15000.0,0.0,0,0,0,0,1,0,0.0,0.38598089696869864
99000.0,0.0,1.0,0.0,3000.0,92000.0,0,0,0,0,0,1,0.0,0.13745628838583338
10000.0,0.0,1.0,0.0,9500.0,0.0,0,0,1,0,0,0,0.0,0.1793333762410075
52000.0,0.0,0.0,1.0,5000.0,94600.0,0,1,0,0,0,0,0.0,0.10267730324162642
113000.0,0.0,0.0,1.0,113000.0,0.0,0,0,0,0,0,1,0.0,0.22305982281571743
20000.0,0.0,0.0,1.0,20000.0,0.0,0,0,0,0,1,0,0.0,0.2976200210688345
49000.0,1.0,0.0,1.0,34000.0,0.0,1,0,0,0,0,0,0.0,0.2125484817139451
30000.0,0.0,1.0,0.0,30000.0,0.0,0,0,0,0,1,0,0.0,0.34503343088398714
70000.0,1.0,1.0,0.0,35900.0,25000.0,1,0,0,0,0,0,0.0,0.34903681697510136
50000.0,0.0,0.0,1.0,0.0,0.0,0,0,0,0,0,1,0.0,0.2821759301232737
65000.0,0.0,0.0,0.0,0.0,0.0,0,0,0,1,0,0,0.0,0.22288564678322081
96000.0,0.0,1.0,0.0,134711.0,0.0,0,0,0,0,1,0,0.0,0.3308808872453491
22000.0,0.0,1.0,0.0,22000.0,0.0,0,1,0,0,0,0,0.0,0.22903195329479842
810.0,1.0,0.0,1.0,0.0,0.0,1,0,0,0,0,0,0.0,0.40576779816796527
3000.0,0.0,1.0,0.0,3000.0,0.0,0,0,0,0,1,0,0.0,0.20492019810003223
5000.0,0.0,1.0,0.0,5000.0,0.0,0,0,0,0,1,0,0.0,0.18217879247132393
50000.0,0.0,0.0,0.0,70000.0,0.0,0,0,0,1,0,0,0.0,0.057883224417749395
5000.0,0.0,1.0,0.0,10000.0,0.0,0,0,0,0,1,0,0.0,0.6098860172530677
40000.0,0.0,0.0,0.0,52247.0,0.0,1,0,0,0,0,0,0.0,0.3064159960928509
6000.0,0.0,0.0,1.0,6000.0,0.0,0,0,0,1,0,0,0.0,0.21544570613567382
23000.0,0.0,0.0,0.0,22740.0,0.0,0,0,0,0,0,1,0.0,0.12339093980327437
34000.0,0.0,0.0,0.0,22740.0,0.0,0,0,0,0,0,1,0.0,0.44659818458971706
84000.0,0.0,0.0,1.0,77720.0,0.0,0,1,0,0,0,0,0.0,0.06629911422677495
247000.0,1.0,1.0,0.0,121000.0,0.0,0,0,0,0,1,0,0.0,0.3308808872453491
99000.0,0.0,0.0,1.0,66100.0,301145.0,0,0,0,0,1,0,0.0,0.12800788292993753
32000.0,0.0,0.0,1.0,4000.0,25000.0,0,0,0,0,0,1,0.0,0.3274300443210659
133000.0,1.0,0.0,1.0,11500.0,50063.0,0,0,0,1,0,0,0.0,0.1421603111339198
92000.0,1.0,1.0,0.0,40000.0,3000.0,0,0,0,0,1,0,0.0,0.45707211381767254
272000.0,0.0,1.0,0.0,113000.0,0.0,0,0,0,0,0,1,0.0,0.35350968328472365
87000.0,0.0,1.0,0.0,0.0,0.0,0,0,0,0,1,0,0.0,0.3953066312020772
380000.0,0.0,0.0,1.0,5000.0,0.0,0,0,0,0,1,0,0.0,0.19863322003891615
100000.0,0.0,1.0,0.0,150000.0,100000.0,0,0,0,0,1,0,0.0,0.3308808872453491
15000.0,0.0,0.0,0.0,0.0,0.0,0,0,0,0,1,0,0.0,0.5365952554236441
2000.0,1.0,0.0,0.0,0.0,0.0,0,0,0,0,0,1,0.0,0.23729369817343526
4000.0,0.0,0.0,1.0,0.0,0.0,0,0,0,1,0,0,0.0,0.29502283603244095
20000.0,0.0,0.0,0.0,0.0,0.0,0,0,0,1,0,0,0.0,0.263047918101233
20000.0,0.0,0.0,0.0,0.0,0.0,0,0,0,0,0,1,0.0,0.263047918101233
3000.0,0.0,0.0,0.0,0.0,0.0,0,0,0,0,1,0,0.0,0.4050352541073389
5000.0,0.0,0.0,1.0,5000.0,0.0,0,0,0,0,0,1,0.0,0.10663468954923765
325000.0,0.0,1.0,0.0,254500.0,155000.0,0,0,0,1,0,0,0.0,0.35350968328472365
1000.0,0.0,0.0,1.0,81000.0,223500.0,0,0,0,0,0,1,0.0,0.35915868856599686
666000.0,0.0,0.0,1.0,431098.0,900000.0,0,0,0,1,0,0,0.0,0.22305982281571743
4000.0,0.0,1.0,0.0,0.0,0.0,0,0,0,0,1,0,0.0,0.36141248401475157
50000.0,0.0,0.0,1.0,0.0,0.0,0,0,0,0,1,0,0.0,0.45142981584284797
6000.0,0.0,0.0,0.0,0.0,0.0,0,0,0,0,1,0,0.0,0.5883892217301956
100000.0,0.0,0.0,1.0,20000.0,1098000.0,0,0,0,0,0,1,0.0,0.17818907814690613
10000.0,0.0,1.0,0.0,0.0,0.0,0,0,0,0,1,0,0.0,0.3036177496877085
172000.0,1.0,0.0,0.0,122000.0,70800.0,0,0,0,1,0,0,0.0,0.20577795482484448
400.0,0.0,0.0,1.0,400.0,0.0,0,0,0,0,1,0,0.0,0.6512447445686279
14000.0,0.0,0.0,0.0,0.0,0.0,0,0,0,0,0,1,0.0,0.32980052762413675
145000.0,0.0,1.0,0.0,157500.0,428660.0,0,0,0,0,0,1,0.0,0.35350968328472365
30000.0,0.0,1.0,0.0,287594.0,-42453.0,0,0,0,0,0,1,0.0,0.26375221707187557
115000.0,0.0,0.0,1.0,228940.0,0.0,0,0,0,0,1,0,0.0,0.25477052816040724
85000.0,0.0,1.0,0.0,160000.0,0.0,0,0,0,0,0,1,0.0,0.35350968328472365
302000.0,0.0,0.0,1.0,481497.0,0.0,0,0,0,0,1,0,0.0,0.25477052816040724
138000.0,0.0,1.0,0.0,82000.0,193200.0,0,0,0,0,1,0,0.0,0.17514935927630637
205000.0,0.0,0.0,0.0,60973.0,349740.0,0,0,0,0,1,0,0.0,0.11301903877399948
414000.0,0.0,0.0,0.0,114408.0,0.0,0,0,0,0,0,1,0.0,0.20577795482484448
91000.0,0.0,1.0,0.0,332234.0,350976.0,0,0,0,1,0,0,0.0,0.35350968328472365
55000.0,0.0,0.0,1.0,10500.0,0.0,0,0,0,0,1,0,0.0,0.2551804933925329
200000.0,0.0,1.0,0.0,3300.0,393655.0,0,0,0,0,0,1,0.0,0.13745628838583338
215000.0,0.0,0.0,0.0,180000.0,50000.0,1,0,0,0,0,0,0.0,0.20577795482484448
341000.0,0.0,1.0,0.0,162000.0,425770.0,0,0,0,0,0,1,0.0,0.35350968328472365
10000.0,0.0,0.0,1.0,0.0,0.0,0,0,0,0,1,0,0.0,0.4685418964810465
10000.0,1.0,0.0,0.0,100128.0,0.0,0,0,0,0,0,1,0.0,0.035731471299183776
76000.0,0.0,0.0,1.0,1407.0,0.0,0,0,0,0,0,1,0.0,0.12597833449949766
10000.0,0.0,0.0,0.0,0.0,0.0,0,0,0,0,0,1,0.0,0.12549782491900338
4000.0,0.0,0.0,0.0,1000.0,3000.0,0,0,0,0,0,1,0.0,0.054599467076624525
100000.0,0.0,1.0,0.0,0.0,0.0,0,0,0,0,1,0,0.0,0.3953066312020772
100000.0,0.0,1.0,0.0,0.0,0.0,0,0,0,0,0,1,0.0,0.29137662673875436
98000.0,0.0,1.0,0.0,5360.0,89900.0,0,0,1,0,0,0,0.0,0.14079613670010913
242000.0,0.0,0.0,1.0,138368.0,414915.0,0,0,0,0,1,0,0.0,0.25477052816040724
205000.0,0.0,1.0,0.0,90000.0,140085.0,0,0,0,0,1,0,0.0,0.1799795819088868
884000.0,0.0,1.0,0.0,518515.0,382200.0,0,0,0,0,1,0,0.0,0.3308808872453491
336000.0,0.0,1.0,0.0,113000.0,102000.0,0,0,0,0,1,0,0.0,0.3308808872453491
67000.0,0.0,1.0,0.0,113000.0,102000.0,1,0,0,0,0,0,0.0,0.35350968328472365
405000.0,0.0,1.0,0.0,729941.0,79950.0,0,0,0,0,0,1,0.0,0.35350968328472365
4000.0,0.0,0.0,0.0,0.0,0.0,0,0,0,0,0,1,0.0,0.16422601263923234
0.0,1.0,0.0,0.0,0.0,0.0,0,0,0,0,1,0,0.0,0.4574969414172326
261000.0,1.0,1.0,1.0,21130.0,0.0,0,0,0,1,0,0,0.0,0.30250669600236374
60.0,1.0,0.0,0.0,0.0,0.0,0,0,0,0,1,0,0.0,0.4574969414172326
1000.0,1.0,0.0,0.0,0.0,0.0,0,0,0,0,1,0,0.0,0.4574969414172326
68000.0,1.0,0.0,0.0,13000.0,230000.0,0,0,0,1,0,0,0.0,0.13568262422816219
5000.0,1.0,0.0,0.0,0.0,0.0,1,0,0,0,0,0,0.0,0.1979239098592298
15000.0,1.0,0.0,0.0,9000.0,0.0,0,0,0,1,0,0,0.0,0.21060282397674635
10000.0,1.0,0.0,1.0,2500.0,0.0,0,0,0,1,0,0,0.0,0.06323829447840806
95000.0,1.0,0.0,0.0,170000.0,0.0,0,0,0,1,0,0,0.0,0.20577795482484448
10000.0,1.0,0.0,0.0,10000.0,0.0,1,0,0,0,0,0,0.0,0.04641671583307664
14000.0,0.0,0.0,1.0,0.0,0.0,0,0,0,0,1,0,0.0,0.6711171024366448
58000.0,1.0,0.0,0.0,0.0,0.0,1,0,0,0,0,0,0.0,0.22288564678322081
70000.0,0.0,0.0,0.0,0.0,0.0,0,1,0,0,0,0,0.0,0.22288564678322081
187000.0,0.0,0.0,1.0,201000.0,172117.0,0,0,0,1,0,0,0.0,0.22305982281571743
252000.0,1.0,0.0,0.0,252820.0,200000.0,0,0,0,0,1,0,0.0,0.22883385471717793
300.0,0.0,1.0,0.0,300.0,0.0,0,0,0,0,0,1,0.0,0.3077906191701609
118000.0,0.0,1.0,0.0,228636.0,0.0,0,0,0,0,0,1,0.0,0.35350968328472365
460000.0,0.0,0.0,0.0,860250.0,0.0,0,0,0,0,0,1,0.0,0.20577795482484448
203000.0,0.0,1.0,0.0,345000.0,0.0,0,0,0,0,0,1,0.0,0.35350968328472365
35000.0,0.0,0.0,1.0,5000.0,0.0,0,0,0,0,0,1,0.0,0.17932154913488607
214000.0,0.0,1.0,0.0,87700.0,110000.0,0,0,0,0,0,1,0.0,0.12810116198915825
750000.0,0.0,0.0,1.0,1500000.0,0.0,1,0,0,0,0,0,0.0,0.22305982281571743
518000.0,0.0,0.0,0.0,64990.0,66066.0,0,0,0,0,1,0,0.0,0.11301903877399948
999000.0,0.0,0.0,1.0,1297513.0,699995.0,0,0,0,0,1,0,0.0,0.25477052816040724
102000.0,0.0,1.0,0.0,33303.0,29994.0,0,0,0,0,1,0,0.0,0.45707211381767254
69000.0,0.0,1.0,0.0,4000.0,30520.0,0,0,0,0,1,0,0.0,0.20214653090145315
175000.0,0.0,1.0,0.0,30000.0,119720.0,0,0,0,0,0,1,0.0,0.30337309648267424
30000.0,0.0,0.0,0.0,7000.0,8100.0,0,0,0,0,1,0,0.0,0.12408876621540807
193000.0,0.0,0.0,1.0,1000.0,40000.0,0,0,0,1,0,0,0.0,0.12597833449949766
411000.0,0.0,0.0,1.0,805000.0,775000.0,0,0,0,0,1,0,0.0,0.25477052816040724
100000.0,0.0,0.0,0.0,723004.0,1188106.0,0,0,0,1,0,0,0.0,0.20577795482484448
218000.0,0.0,1.0,1.0,48250.0,40000.0,0,0,0,0,0,1,0.0,0.36025073109439376
50.0,0.0,0.0,0.0,0.0,0.0,0,0,0,0,0,1,0.0,0.24278130329025738
224000.0,0.0,0.0,1.0,447000.0,0.0,1,0,0,0,0,0,0.0,0.22305982281571743
51000.0,0.0,0.0,1.0,0.0,50000.0,0,0,0,0,1,0,0.0,0.4533900766860162
10000.0,0.0,0.0,1.0,0.0,0.0,0,0,0,0,0,1,0.0,0.23408903763645422
97000.0,0.0,0.0,0.0,97000.0,0.0,0,0,0,0,0,1,0.0,0.06796284529377941
12000.0,1.0,1.0,0.0,0.0,5000.0,0,0,0,0,1,0,0.0,0.567252563430515
30000.0,0.0,0.0,1.0,20500.0,39960.0,0,0,0,0,1,0,0.0,0.28636330619584877
10000.0,0.0,0.0,1.0,0.0,0.0,0,0,0,0,1,0,0.0,0.4685418964810465
50000.0,0.0,0.0,0.0,50000.0,0.0,0,1,0,0,0,0,0.0,0.19587567953326368
6000.0,0.0,0.0,0.0,0.0,0.0,0,0,0,0,1,0,0.0,0.5883892217301956
117000.0,0.0,1.0,0.0,55125.0,183978.0,0,0,0,0,1,0,0.0,0.17514935927630637
100000.0,0.0,0.0,1.0,10000.0,12500.0,0,1,0,0,0,0,0.0,0.1525139572293108
51000.0,1.0,0.0,1.0,20000.0,99000.0,0,0,0,1,0,0,0.0,0.17324059329690755
280000.0,0.0,1.0,0.0,80000.0,400000.0,0,0,0,0,0,1,0.0,0.1191290698445617
300000.0,0.0,0.0,0.0,0.0,200000.0,0,0,1,0,0,0,0.0,0.22288564678322081
59000.0,0.0,0.0,0.0,59000.0,0.0,0,0,0,0,0,1,0.0,0.06022111272293459
13000.0,0.0,0.0,0.0,0.0,0.0,0,0,0,0,1,0,0.0,0.5416364341323566
104000.0,0.0,1.0,0.0,193500.0,88637.0,0,1,0,0,0,0,0.0,0.35350968328472365
10000.0,0.0,0.0,0.0,0.0,0.0,0,0,0,0,0,1,0.0,0.12549782491900338
36000.0,0.0,0.0,1.0,0.0,0.0,0,0,0,0,1,0,0.0,0.7031259677333799
20000.0,0.0,0.0,0.0,0.0,0.0,0,0,0,0,0,1,0.0,0.263047918101233
3000.0,0.0,0.0,0.0,3000.0,0.0,0,0,0,0,0,1,0.0,0.060896191935922044
15000.0,0.0,0.0,0.0,0.0,0.0,0,0,0,0,0,1,0.0,0.3253315778191802
20000.0,0.0,0.0,0.0,0.0,0.0,0,0,0,0,0,1,0.0,0.263047918101233
5000.0,1.0,0.0,0.0,5000.0,0.0,1,0,0,0,0,0,0.0,0.053071241215675066
3000.0,0.0,0.0,0.0,3000.0,0.0,0,0,0,0,1,0,0.0,0.1457055839210569
2000.0,0.0,0.0,1.0,2086.0,0.0,0,0,0,0,0,1,0.0,0.14237136924016364
25000.0,0.0,0.0,1.0,0.0,0.0,0,0,0,0,1,0,0.0,0.5967983818636478
61000.0,0.0,0.0,0.0,0.0,0.0,0,0,0,0,1,0,0.0,0.3660809264374929
35000.0,0.0,0.0,1.0,5000.0,0.0,0,0,0,0,0,1,0.0,0.17932154913488607
4000.0,0.0,0.0,1.0,0.0,0.0,0,0,0,1,0,0,0.0,0.29502283603244095
3000.0,0.0,0.0,0.0,0.0,0.0,0,0,0,0,0,1,0.0,0.20560963676054078
50000.0,0.0,0.0,0.0,0.0,0.0,0,0,0,0,0,1,0.0,0.2156821319177643
9000.0,0.0,0.0,0.0,9000.0,0.0,0,0,0,0,0,1,0.0,0.11409938535452725
688000.0,0.0,0.0,0.0,1334000.0,1175999.0,0,0,0,1,0,0,0.0,0.20577795482484448
5000.0,0.0,0.0,0.0,0.0,0.0,0,0,0,0,1,0,0.0,0.39358839756231206
3000.0,0.0,0.0,1.0,0.0,0.0,0,0,0,0,1,0,0.0,0.6011863294884587
24000.0,0.0,0.0,0.0,2000.0,0.0,0,0,0,0,0,1,0.0,0.10746278229371098
1000.0,0.0,0.0,1.0,1000.0,150000.0,0,0,0,0,0,1,0.0,0.18543280910260074
30000.0,0.0,0.0,1.0,0.0,0.0,0,0,0,0,0,1,0.0,0.3538867238012555
1000.0,0.0,0.0,1.0,0.0,0.0,0,0,0,0,1,0,0.0,0.6512447445686279
9000.0,0.0,0.0,0.0,0.0,0.0,0,0,0,0,1,0,0.0,0.3691826792914089
30000.0,0.0,1.0,0.0,0.0,0.0,0,0,0,0,0,1,0.0,0.3210066043730828
30000.0,0.0,1.0,0.0,0.0,0.0,0,0,0,0,1,0,0.0,0.46919174947860925
20000.0,0.0,0.0,0.0,0.0,0.0,0,1,0,0,0,0,0.0,0.263047918101233
40000.0,0.0,0.0,1.0,0.0,0.0,0,1,0,0,0,0,0.0,0.4949522339233084
5000.0,0.0,1.0,0.0,0.0,0.0,0,0,0,0,1,0,0.0,0.41545851104808557
35000.0,0.0,1.0,0.0,59450.0,42100.0,0,0,0,0,1,0,0.0,0.29887163872457934
24000.0,0.0,0.0,0.0,7000.0,16500.0,0,1,0,0,0,0,0.0,0.06082175164370646
31000.0,0.0,0.0,1.0,0.0,0.0,0,0,0,0,1,0,0.0,0.8041965433580625
10000.0,0.0,0.0,1.0,0.0,0.0,0,0,0,0,1,0,0.0,0.4685418964810465
30000.0,1.0,0.0,1.0,0.0,0.0,0,0,0,0,1,0,0.0,0.5741768029667276
5000.0,0.0,0.0,1.0,0.0,0.0,0,0,0,0,0,1,0.0,0.34449669660771043
5000.0,0.0,0.0,1.0,0.0,0.0,0,0,0,0,0,1,0.0,0.34449669660771043
500.0,0.0,0.0,1.0,500.0,0.0,0,0,0,0,1,0,0.0,0.6512447445686279
5000.0,0.0,1.0,0.0,0.0,0.0,0,0,0,0,1,0,0.0,0.41545851104808557
10000.0,0.0,0.0,0.0,0.0,0.0,0,0,0,0,1,0,0.0,0.2847669131198281
20000.0,0.0,0.0,1.0,0.0,0.0,0,0,0,0,1,0,0.0,0.5967983818636478
5000.0,0.0,1.0,0.0,0.0,0.0,0,0,0,0,1,0,0.0,0.41545851104808557
30000.0,0.0,1.0,0.0,0.0,0.0,0,0,0,0,1,0,0.0,0.46919174947860925
100000.0,0.0,1.0,0.0,0.0,0.0,0,0,0,0,1,0,0.0,0.3953066312020772
13000.0,0.0,0.0,1.0,1000.0,0.0,0,0,0,0,0,1,0.0,0.19369389388073105
30000.0,0.0,0.0,1.0,0.0,0.0,0,0,0,0,1,0,0.0,0.5741768029667276
1000.0,0.0,0.0,0.0,1000.0,0.0,0,0,0,1,0,0,0.0,0.09656687717493118
500.0,0.0,0.0,0.0,0.0,0.0,0,0,0,0,1,0,0.0,0.4574969414172326
5000.0,0.0,0.0,0.0,0.0,0.0,1,0,0,0,0,0,0.0,0.1979239098592298
5000.0,0.0,0.0,1.0,0.0,0.0,0,0,0,0,1,0,0.0,0.5896903293053786
10000.0,0.0,0.0,1.0,0.0,0.0,0,0,0,0,1,0,0.0,0.4685418964810465
3000.0,0.0,0.0,0.0,0.0,0.0,0,0,0,0,0,1,0.0,0.20560963676054078
4000.0,0.0,1.0,0.0,0.0,0.0,0,0,0,1,0,0,0.0,0.214149483147802
5000.0,0.0,0.0,0.0,0.0,0.0,0,0,0,0,1,0,0.0,0.39358839756231206
5000.0,0.0,0.0,1.0,5000.0,0.0,0,0,0,1,0,0,0.0,0.10663468954923765
5000.0,0.0,0.0,0.0,5000.0,0.0,0,0,0,0,0,1,0.0,0.053071241215675066
2000.0,0.0,1.0,0.0,2000.0,0.0,0,0,0,0,1,0,0.0,0.3063580196463613
3000.0,0.0,1.0,0.0,3000.0,0.0,0,0,0,0,0,1,0.0,0.11039866770635458
20000.0,0.0,1.0,0.0,20000.0,0.0,0,0,0,0,1,0,0.0,0.3574412707179669
120000.0,0.0,0.0,1.0,120000.0,0.0,0,1,0,0,0,0,0.0,0.22305982281571743
9000.0,0.0,0.0,0.0,9000.0,0.0,0,1,0,0,0,0,0.0,0.11409938535452725
23000.0,0.0,0.0,1.0,23000.0,0.0,0,0,0,0,0,1,0.0,0.14665188420357128
5000.0,0.0,0.0,1.0,5000.0,0.0,0,0,0,1,0,0,0.0,0.10663468954923765
9550.0,0.0,0.0,1.0,9550.0,0.0,0,0,0,0,0,1,0.0,0.139950880082386
3000.0,0.0,0.0,0.0,3000.0,0.0,0,0,0,0,0,1,0.0,0.060896191935922044
2050.0,0.0,1.0,0.0,2050.0,0.0,0,0,0,0,1,0,0.0,0.20492019810003223
5000.0,0.0,0.0,1.0,5000.0,0.0,0,0,0,0,1,0,0.0,0.24608873428243827
1000.0,0.0,0.0,0.0,1000.0,0.0,0,0,0,0,0,1,0.0,0.09656687717493118
12000.0,0.0,0.0,1.0,12000.0,0.0,0,1,0,0,0,0,0.0,0.1582741322947504
1440.0,0.0,0.0,0.0,1440.0,0.0,0,0,0,0,1,0,0.0,0.2194458251934323
12000.0,0.0,0.0,1.0,212000.0,0.0,0,0,0,1,0,0,0.0,0.24657427376180985
4000.0,0.0,0.0,0.0,4000.0,0.0,0,0,0,0,0,1,0.0,0.04159585091181974
3000.0,0.0,0.0,0.0,3000.0,0.0,0,0,0,0,0,1,0.0,0.060896191935922044
5000.0,0.0,0.0,0.0,5000.0,0.0,0,0,0,0,0,1,0.0,0.053071241215675066
7000.0,0.0,0.0,0.0,7000.0,0.0,0,0,0,0,1,0,0.0,0.25178716208228813
1000.0,0.0,1.0,0.0,1000.0,0.0,0,0,0,0,1,0,0.0,0.2839704758596566
100.0,0.0,0.0,0.0,210600.0,270000.0,0,0,0,1,0,0,0.0,0.6427963422228049
2000.0,0.0,0.0,0.0,2000.0,0.0,0,0,0,0,0,1,0.0,0.10637489927648812
3000.0,0.0,1.0,0.0,3000.0,2000.0,0,0,0,0,1,0,0.0,0.20492019810003223
1000.0,0.0,0.0,1.0,1000.0,0.0,0,0,0,0,1,0,0.0,0.3836793677715473
1000.0,0.0,1.0,0.0,1000.0,0.0,0,0,0,0,0,1,0.0,0.1603394438793282
1000.0,0.0,0.0,0.0,1000.0,0.0,0,0,0,0,0,1,0.0,0.09656687717493118
3000.0,0.0,0.0,0.0,3000.0,0.0,0,0,0,0,0,1,0.0,0.060896191935922044
500.0,0.0,1.0,0.0,31000.0,0.0,0,0,0,0,1,0,0.0,0.863074764711709
8000.0,0.0,1.0,0.0,8000.0,0.0,0,0,0,0,0,1,0.0,0.21965002071452314
3600.0,0.0,0.0,0.0,3600.0,0.0,0,0,0,0,1,0,0.0,0.10245849297213061
3000.0,0.0,0.0,1.0,3000.0,0.0,0,0,0,0,0,1,0.0,0.12134512725840411
10000.0,0.0,0.0,0.0,10000.0,0.0,0,0,0,0,1,0,0.0,0.11897860209087731
1000.0,0.0,0.0,0.0,1000.0,0.0,0,0,0,0,1,0,0.0,0.2194458251934323
5000.0,0.0,0.0,1.0,5000.0,0.0,0,0,0,0,0,1,0.0,0.10663468954923765
5000.0,0.0,0.0,1.0,5000.0,0.0,0,0,0,0,0,1,0.0,0.10663468954923765
500.0,0.0,0.0,1.0,500.0,0.0,1,0,0,0,0,0,0.0,0.40576779816796527
1000.0,0.0,0.0,0.0,1000.0,0.0,1,0,0,0,0,0,0.0,0.09656687717493118
500.0,0.0,0.0,0.0,500.0,0.0,0,1,0,0,0,0,0.0,0.24278130329025738
15000.0,0.0,1.0,0.0,16000.0,0.0,0,0,0,0,1,0,0.0,0.4394537609256681
1000.0,0.0,0.0,1.0,1000.0,0.0,0,1,0,0,0,0,0.0,0.18543280910260074
8500.0,0.0,0.0,0.0,8500.0,0.0,0,0,0,0,1,0,0.0,0.26325745464121536
10000.0,0.0,0.0,0.0,10000.0,0.0,1,0,0,0,0,0,0.0,0.04641671583307664
10000.0,0.0,0.0,1.0,10000.0,0.0,0,0,0,0,1,0,0.0,0.1802026674657206
10000.0,0.0,1.0,0.0,150000.0,0.0,0,0,0,0,0,1,0.0,0.2459477084248517
500.0,0.0,0.0,0.0,500.0,0.0,0,0,0,0,1,0,0.0,0.4574969414172326
1000.0,0.0,0.0,1.0,1000.0,0.0,0,0,0,0,0,1,0.0,0.18543280910260074
3000.0,0.0,0.0,1.0,3000.0,0.0,0,0,0,0,0,1,0.0,0.12134512725840411
300000.0,0.0,1.0,0.0,300000.0,0.0,0,0,0,0,0,1,0.0,0.35350968328472365
1000.0,0.0,0.0,0.0,1000.0,0.0,0,0,0,0,1,0,0.0,0.2194458251934323
1500.0,0.0,1.0,0.0,1500.0,0.0,0,0,0,0,1,0,0.0,0.2839704758596566
1000.0,0.0,0.0,0.0,6000.0,0.0,0,0,0,0,0,1,0.0,0.07942771837055262
5000.0,0.0,0.0,0.0,5000.0,0.0,0,0,0,1,0,0,0.0,0.053071241215675066
8880.0,0.0,0.0,0.0,8880.0,0.0,0,0,0,0,1,0,0.0,0.26325745464121536
2000.0,0.0,0.0,0.0,2850.0,0.0,0,0,0,0,1,0,0.0,0.1701355794039033
10000.0,0.0,0.0,0.0,10000.0,0.0,0,0,0,0,0,1,0.0,0.04641671583307664
2500.0,0.0,0.0,1.0,2500.0,0.0,0,0,0,0,1,0,0.0,0.2741338378686415
1000.0,0.0,0.0,1.0,1000.0,0.0,0,0,0,0,1,0,0.0,0.3836793677715473
2000.0,0.0,0.0,0.0,2000.0,0.0,0,0,0,0,0,1,0.0,0.10637489927648812
8000.0,0.0,0.0,1.0,8000.0,0.0,0,0,0,0,0,1,0.0,0.17328325064435213
5010.0,0.0,0.0,1.0,5010.0,0.0,0,0,0,0,1,0,0.0,0.4288847880198821
10000.0,0.0,1.0,0.0,10000.0,0.0,0,0,0,0,1,0,0.0,0.18312783151685827
1000.0,0.0,0.0,1.0,1000.0,0.0,0,0,0,0,1,0,0.0,0.3836793677715473
9000.0,0.0,0.0,0.0,9000.0,0.0,0,0,0,0,0,1,0.0,0.11409938535452725
10.0,0.0,0.0,1.0,40010.0,100264.0,0,0,0,0,0,1,1.0,0.6509661278787978
1000.0,0.0,0.0,1.0,1000.0,80000.0,0,0,0,0,1,0,1.0,0.3836793677715473
100.0,0.0,1.0,0.0,7600.0,49948.0,1,0,0,0,0,0,1.0,0.5503507865770609
2000.0,0.0,1.0,0.0,392200.0,227600.0,0,0,0,0,1,0,1.0,0.8081148432402704
5000.0,0.0,1.0,0.0,219990.0,998799.0,0,0,0,0,1,0,1.0,0.7465064792270153
3000.0,0.0,1.0,0.0,6000.0,7000.0,0,0,0,0,1,0,1.0,0.23319723398958686
1000.0,1.0,0.0,0.0,675711.0,0.0,0,0,0,1,0,0,1.0,0.6427963422228049
5010.0,1.0,0.0,1.0,10020.0,0.0,0,0,0,1,0,0,1.0,0.63325996648531
5000.0,0.0,0.0,1.0,111000.0,0.0,0,0,0,0,0,1,1.0,0.6684153181747506
1000.0,0.0,0.0,1.0,1000.0,0.0,0,0,0,0,1,0,1.0,0.3836793677715473
1500.0,0.0,0.0,1.0,13000.0,0.0,0,0,0,0,1,0,1.0,0.7761322520017799
2000.0,0.0,0.0,1.0,2000.0,60000.0,0,0,0,0,1,0,1.0,0.409432830752619
3000.0,0.0,0.0,0.0,191840.0,0.0,0,0,0,0,1,0,1.0,0.684877995889218
7000.0,1.0,0.0,1.0,458796.0,273218.0,0,0,0,1,0,0,1.0,0.7553907425392072
5000.0,0.0,0.0,1.0,5000.0,0.0,0,0,0,0,1,0,1.0,0.24608873428243827
735.0,0.0,1.0,0.0,184785.0,0.0,0,0,0,0,1,0,1.0,0.8127365399911508
5000.0,0.0,1.0,0.0,326170.0,659994.0,0,0,0,0,0,1,1.0,0.7136987908614891
500.0,1.0,0.0,0.0,500.0,0.0,0,0,0,1,0,0,1.0,0.24278130329025738
10.0,0.0,1.0,0.0,290010.0,350000.0,0,0,0,1,0,0,1.0,0.786043773813591
3000.0,0.0,1.0,0.0,14000.0,38250.0,0,0,0,0,1,0,1.0,0.7405520425333264
1000.0,1.0,0.0,1.0,1203040.0,0.0,1,0,0,0,0,0,1.0,0.7481652861567712
1000.0,0.0,1.0,0.0,377400.0,0.0,0,0,0,1,0,0,1.0,0.786043773813591
1000.0,0.0,1.0,0.0,309000.0,0.0,0,0,0,0,0,1,1.0,0.786043773813591
1000.0,0.0,1.0,0.0,0.0,0.0,0,0,0,0,1,0,1.0,0.48010669491097524
3000.0,0.0,0.0,1.0,53000.0,240000.0,0,0,0,0,1,0,1.0,0.8026089674449964
100000.0,0.0,1.0,1.0,238870.0,-19935.0,0,1,0,0,0,0,1.0,0.3647867729943367
92000.0,1.0,0.0,0.0,59160.0,5000.0,0,0,0,0,1,0,1.0,0.11301903877399948
14000.0,0.0,0.0,0.0,0.0,0.0,0,0,0,0,0,1,1.0,0.32980052762413675
20000.0,0.0,0.0,1.0,5000.0,0.0,1,0,0,0,0,0,1.0,0.11867041692318832
18000.0,0.0,0.0,1.0,0.0,0.0,0,0,0,0,1,0,1.0,0.666623474934712
45000.0,0.0,1.0,0.0,0.0,30000.0,0,0,0,0,1,0,1.0,0.6413688128564518
7000.0,0.0,1.0,1.0,0.0,28000.0,0,0,0,0,1,0,1.0,0.7174237618794514
94000.0,0.0,0.0,0.0,5000.0,25000.0,0,0,0,1,0,0,1.0,0.0764934983118262
40000.0,0.0,0.0,0.0,20999.0,70000.0,0,0,0,0,1,0,1.0,0.4562440675557579
33000.0,0.0,0.0,1.0,500.0,29950.0,0,0,0,0,0,1,1.0,0.6879006395453573
16000.0,0.0,1.0,0.0,9500.0,0.0,0,0,0,0,0,1,1.0,0.4315127831694418
26000.0,0.0,0.0,0.0,0.0,0.0,0,0,0,0,1,0,1.0,0.4615344128344633
92000.0,0.0,1.0,0.0,54000.0,0.0,0,0,0,0,1,0,1.0,0.45707211381767254
34000.0,0.0,0.0,0.0,20050.0,28210.0,0,0,0,0,0,1,1.0,0.44659818458971706
6000.0,1.0,0.0,1.0,0.0,0.0,1,0,0,0,0,0,1.0,0.5364962060471481
46000.0,0.0,0.0,0.0,13000.0,0.0,0,0,0,0,1,0,1.0,0.2303480219532189
88000.0,0.0,1.0,0.0,31000.0,144000.0,0,0,0,0,0,1,1.0,0.49924238702974844
9000.0,0.0,0.0,0.0,16000.0,0.0,0,0,0,0,1,0,1.0,0.330191415610383
70000.0,1.0,1.0,0.0,32272.0,75600.0,0,0,0,0,1,0,1.0,0.6101897505515552
34000.0,0.0,0.0,0.0,0.0,0.0,0,0,0,0,1,0,1.0,0.7803689225844355
312000.0,0.0,0.0,1.0,84080.0,99999.0,0,0,0,1,0,0,1.0,0.06984496158788751
68000.0,0.0,0.0,1.0,0.0,0.0,0,0,0,1,0,0,1.0,0.29077691506251147
31000.0,1.0,0.0,0.0,0.0,0.0,0,0,0,0,1,0,1.0,0.728952791975808
567000.0,0.0,1.0,0.0,639416.0,542520.0,0,0,0,0,0,1,1.0,0.35350968328472365
29000.0,0.0,0.0,1.0,0.0,0.0,0,0,0,0,1,0,1.0,0.5967983818636478
66000.0,0.0,1.0,0.0,108990.0,0.0,1,0,0,0,0,0,1.0,0.35350968328472365
274000.0,0.0,0.0,1.0,145970.0,808680.0,0,0,0,0,0,1,1.0,0.22305982281571743
2000.0,0.0,0.0,0.0,0.0,0.0,0,0,0,0,1,0,1.0,0.450040542251059
11000.0,0.0,0.0,0.0,0.0,0.0,0,0,0,1,0,0,1.0,0.33516318987619004
41000.0,0.0,0.0,1.0,0.0,0.0,0,0,0,0,1,0,1.0,0.7069712667160977
