capital,university,venture,enterprise,accelerator,procurement_before,timedelta,procurement_after,energy_and_semiconductor,finance,ecology,bio,computer,service
0.0,0.0,0.0,0.0,0.0,0.0,0.0,0.0,0,0,0,0,1,0
0.0,0.0,0.0,1.0,1.0,0.0,92.0,0.0,0,0,0,0,1,0
0.0,0.0,0.0,0.0,0.0,0.0,0.0,0.0,0,0,0,0,0,1
0.0,1.0,1.0,0.0,1.0,0.0,360.0,0.0,0,0,0,1,0,0
500000.0,0.0,1.0,0.0,0.0,1182000.0,0.0,0.0,0,0,0,0,0,1
10000.0,0.0,0.0,1.0,0.0,224200.0,0.0,120000.0,0,0,0,0,1,0
0.0,0.0,0.0,0.0,0.0,0.0,0.0,0.0,0,0,0,0,1,0
240.0,0.0,0.0,1.0,0.0,17660.0,0.0,60660.0,0,0,0,1,0,0
3000.0,1.0,0.0,0.0,0.0,13050.0,0.0,0.0,0,0,0,0,1,0
3000.0,0.0,1.0,0.0,1.0,10000.0,359.0,40026.0,0,0,0,0,0,1
1000.0,0.0,0.0,1.0,0.0,1000.0,0.0,0.0,1,0,0,0,0,0
1000.0,0.0,1.0,0.0,1.0,9324.0,513.0,46417.0,0,0,0,0,0,1
10000.0,0.0,0.0,1.0,1.0,76000.0,101.0,0.0,0,0,0,0,1,0
2000.0,0.0,0.0,1.0,0.0,118213.0,0.0,100200.0,0,0,0,0,0,1
11500.0,1.0,0.0,0.0,0.0,417900.0,0.0,0.0,0,0,0,1,0,0
10000.0,0.0,1.0,0.0,0.0,10000.0,0.0,0.0,0,0,0,0,0,1
0.0,0.0,0.0,0.0,0.0,0.0,0.0,0.0,0,0,0,0,0,1
0.0,0.0,0.0,0.0,0.0,0.0,0.0,0.0,0,0,0,0,1,0
0.0,0.0,0.0,0.0,0.0,0.0,0.0,0.0,0,0,0,0,0,1
0.0,0.0,0.0,1.0,0.0,0.0,0.0,0.0,0,1,0,0,0,0
0.0,0.0,0.0,0.0,0.0,0.0,0.0,0.0,0,0,0,0,1,0
0.0,0.0,1.0,0.0,0.0,0.0,0.0,0.0,0,0,0,0,1,0
0.0,0.0,1.0,0.0,0.0,0.0,0.0,0.0,0,0,0,0,1,0
10300.0,0.0,0.0,0.0,0.0,10300.0,0.0,0.0,0,0,0,0,0,1
10.0,0.0,0.0,1.0,1.0,40010.0,688.0,100264.0,0,0,0,0,0,1
9000.0,0.0,1.0,0.0,0.0,31300.0,0.0,0.0,0,0,0,0,1,0
5000.0,0.0,1.0,0.0,0.0,9000.0,0.0,20000.0,0,0,0,0,0,1
0.0,0.0,1.0,0.0,0.0,0.0,0.0,0.0,0,0,0,0,1,0
5000.0,0.0,0.0,1.0,1.0,5000.0,365.0,100000.0,0,1,0,0,0,0
1000.0,0.0,0.0,1.0,1.0,1000.0,1370.0,80000.0,0,0,0,0,1,0
0.0,0.0,1.0,0.0,0.0,0.0,0.0,0.0,0,0,0,0,1,0
4000.0,0.0,1.0,0.0,1.0,14000.0,196.0,49800.0,0,0,0,0,1,0
0.0,0.0,0.0,0.0,0.0,0.0,0.0,0.0,0,0,0,0,0,1
0.0,0.0,0.0,1.0,0.0,0.0,0.0,0.0,0,0,0,0,0,1
10000.0,0.0,1.0,0.0,0.0,10000.0,0.0,0.0,1,0,0,0,0,0
0.0,0.0,0.0,0.0,0.0,0.0,0.0,0.0,0,0,0,0,0,1
0.0,0.0,0.0,0.0,0.0,0.0,0.0,0.0,0,0,0,0,1,0
0.0,0.0,0.0,0.0,0.0,0.0,0.0,0.0,0,0,0,0,0,1
0.0,0.0,0.0,0.0,0.0,30000.0,0.0,0.0,0,0,0,0,0,1
0.0,0.0,0.0,0.0,0.0,0.0,0.0,0.0,0,0,0,0,1,0
5000.0,0.0,0.0,0.0,0.0,5000.0,0.0,0.0,0,0,0,0,1,0
0.0,0.0,0.0,0.0,0.0,0.0,0.0,0.0,0,0,0,0,0,1
5000.0,0.0,0.0,0.0,0.0,5000.0,0.0,0.0,0,0,0,0,0,1
0.0,0.0,0.0,0.0,0.0,0.0,0.0,0.0,0,0,0,0,1,0
0.0,0.0,0.0,0.0,0.0,0.0,0.0,0.0,0,0,0,0,1,0
1.0,0.0,0.0,0.0,0.0,1.0,0.0,0.0,0,0,0,0,0,1
1550.0,0.0,0.0,0.0,0.0,1550.0,0.0,0.0,0,0,0,0,0,1
0.0,0.0,0.0,0.0,0.0,0.0,0.0,0.0,0,0,0,0,1,0
0.0,0.0,0.0,0.0,0.0,0.0,0.0,0.0,0,0,0,0,1,0
3000.0,0.0,0.0,0.0,0.0,3000.0,0.0,0.0,0,0,0,1,0,0
0.0,0.0,0.0,0.0,0.0,1157.0,0.0,0.0,0,0,0,0,0,1
1000.0,0.0,0.0,0.0,0.0,1000.0,0.0,0.0,0,0,0,0,1,0
0.0,0.0,0.0,0.0,0.0,0.0,0.0,0.0,0,0,0,0,0,1
5000.0,1.0,0.0,0.0,1.0,35400.0,260.0,130000.0,0,0,0,1,0,0
3070.0,1.0,0.0,1.0,1.0,5770.0,179.0,100990.0,0,0,0,0,1,0
8000.0,0.0,0.0,1.0,0.0,26000.0,0.0,95000.0,0,0,0,1,0,0
3000.0,0.0,1.0,0.0,1.0,3000.0,80.0,32993.0,0,0,0,0,1,0
0.0,0.0,0.0,0.0,0.0,0.0,0.0,0.0,0,0,0,0,0,1
10000.0,0.0,0.0,0.0,0.0,0.0,0.0,0.0,0,0,0,0,0,1
10000.0,0.0,0.0,0.0,0.0,10000.0,0.0,0.0,0,0,0,0,0,1
0.0,0.0,0.0,0.0,0.0,0.0,0.0,0.0,0,0,0,0,0,1
3000.0,0.0,0.0,1.0,1.0,3000.0,2.0,15000.0,0,0,0,0,1,0
0.0,0.0,1.0,0.0,0.0,0.0,0.0,0.0,0,0,0,0,1,0
5000.0,0.0,1.0,0.0,0.0,5000.0,0.0,60000.0,0,0,0,0,1,0
100.0,0.0,1.0,0.0,1.0,100.0,388.0,60954.0,0,0,0,1,0,0
100.0,0.0,1.0,0.0,1.0,7600.0,749.0,49948.0,1,0,0,0,0,0
2000.0,0.0,1.0,0.0,1.0,392200.0,703.0,227600.0,0,0,0,0,1,0
1000.0,0.0,0.0,1.0,0.0,737880.0,0.0,2549409.0,0,1,0,0,0,0
2000.0,0.0,0.0,0.0,1.0,2000.0,79.0,1491.0,0,0,0,1,0,0
4500.0,0.0,0.0,0.0,0.0,5000.0,0.0,203000.0,0,0,0,0,0,1
0.0,0.0,1.0,0.0,0.0,5000.0,0.0,0.0,0,0,0,0,0,1
0.0,0.0,0.0,1.0,0.0,0.0,0.0,0.0,0,0,0,0,0,1
1000.0,0.0,0.0,1.0,1.0,1000.0,59.0,20000.0,0,0,0,0,1,0
10000.0,0.0,0.0,1.0,1.0,10000.0,49.0,60000.0,0,0,0,0,1,0
1000.0,0.0,0.0,0.0,0.0,1000.0,0.0,0.0,0,0,0,0,0,1
3000.0,0.0,1.0,0.0,0.0,57960.0,0.0,62375.0,0,0,0,1,0,0
1000.0,0.0,0.0,1.0,0.0,15500.0,0.0,0.0,0,0,0,0,1,0
1000.0,0.0,1.0,0.0,1.0,1000.0,348.0,0.0,0,0,0,0,1,0
1000.0,0.0,0.0,1.0,0.0,1000.0,0.0,1090431.0,0,0,0,1,0,0
30.0,1.0,0.0,0.0,0.0,2000.0,0.0,49500.0,1,0,0,0,0,0
200.0,0.0,1.0,0.0,1.0,57703.0,331.0,0.0,0,0,0,0,1,0
0.0,0.0,1.0,0.0,0.0,145220.0,0.0,889700.0,0,0,0,0,1,0
0.0,0.0,0.0,0.0,1.0,0.0,1013.0,0.0,0,0,0,0,1,0
1000.0,0.0,0.0,0.0,1.0,41400.0,294.0,30115.0,1,0,0,0,0,0
300.0,0.0,1.0,0.0,1.0,34050.0,543.0,1500765.0,0,0,0,0,1,0
5000.0,0.0,0.0,1.0,0.0,5000.0,0.0,100000.0,0,0,0,0,1,0
5000.0,0.0,1.0,0.0,1.0,219990.0,1034.0,998799.0,0,0,0,0,1,0
3000.0,0.0,1.0,0.0,1.0,6000.0,974.0,7000.0,0,0,0,0,1,0
1000.0,0.0,0.0,1.0,0.0,861420.0,0.0,0.0,1,0,0,0,0,0
3200.0,0.0,0.0,1.0,0.0,18200.0,0.0,0.0,0,0,0,0,0,1
33000.0,0.0,0.0,1.0,0.0,599500.0,0.0,0.0,1,0,0,0,0,0
5000.0,0.0,0.0,1.0,0.0,5000.0,0.0,0.0,0,0,0,0,1,0
1000.0,0.0,0.0,1.0,0.0,141000.0,0.0,33600.0,0,1,0,0,0,0
6000.0,0.0,0.0,1.0,0.0,54000.0,0.0,0.0,0,0,0,0,0,1
100.0,1.0,1.0,0.0,0.0,110100.0,0.0,744900.0,0,0,0,1,0,0
1000.0,1.0,0.0,0.0,1.0,675711.0,936.0,0.0,0,0,0,1,0,0
0.0,0.0,0.0,0.0,0.0,0.0,0.0,0.0,0,0,0,0,1,0
0.0,0.0,0.0,0.0,0.0,0.0,0.0,0.0,0,0,0,0,1,0
1100.0,1.0,0.0,0.0,0.0,130800.0,0.0,35100.0,0,0,0,1,0,0
5010.0,1.0,0.0,1.0,1.0,10020.0,1008.0,0.0,0,0,0,1,0,0
10000.0,1.0,0.0,1.0,0.0,0.0,0.0,0.0,0,0,0,1,0,0
1500.0,0.0,1.0,0.0,1.0,31582.0,488.0,4000.0,0,0,0,0,1,0
1000.0,0.0,0.0,0.0,0.0,26200.0,0.0,70740.0,0,0,0,0,1,0
3580.0,0.0,0.0,1.0,0.0,3580.0,0.0,0.0,0,0,0,0,0,1
2000.0,0.0,0.0,1.0,0.0,2000.0,0.0,0.0,0,0,0,0,0,1
0.0,0.0,1.0,0.0,1.0,200000.0,931.0,0.0,0,1,0,0,0,0
1000.0,0.0,1.0,0.0,0.0,1000.0,0.0,0.0,0,0,0,0,0,1
0.0,0.0,0.0,0.0,0.0,0.0,0.0,0.0,0,0,0,0,0,1
5000.0,0.0,0.0,1.0,1.0,111000.0,597.0,0.0,0,0,0,0,0,1
2000.0,0.0,0.0,1.0,1.0,2000.0,153.0,20000.0,0,0,0,0,0,1
1000.0,0.0,0.0,1.0,1.0,1000.0,1403.0,0.0,0,0,0,0,1,0
0.0,0.0,0.0,1.0,0.0,0.0,0.0,0.0,0,0,0,0,0,1
0.0,0.0,1.0,0.0,0.0,0.0,0.0,0.0,0,0,0,0,0,1
0.0,0.0,0.0,1.0,0.0,0.0,0.0,0.0,0,0,0,0,1,0
0.0,0.0,0.0,1.0,0.0,0.0,0.0,0.0,0,0,0,0,0,1
10000.0,0.0,0.0,0.0,0.0,10000.0,0.0,0.0,0,0,1,0,0,0
1500.0,0.0,0.0,1.0,1.0,13000.0,1009.0,0.0,0,0,0,0,1,0
0.0,0.0,0.0,0.0,0.0,0.0,0.0,0.0,0,0,0,0,0,1
1000.0,0.0,0.0,1.0,0.0,0.0,0.0,0.0,0,0,0,1,0,0
2000.0,0.0,0.0,1.0,1.0,2000.0,633.0,60000.0,0,0,0,0,1,0
0.0,0.0,0.0,1.0,0.0,0.0,0.0,0.0,0,0,0,0,0,1
2000.0,0.0,1.0,0.0,0.0,341998.0,0.0,650001.0,0,0,0,0,0,1
0.0,0.0,1.0,0.0,0.0,0.0,0.0,0.0,0,0,0,0,1,0
1000.0,0.0,1.0,0.0,0.0,63000.0,769.0,375000.0,0,0,0,0,0,1
0.0,0.0,1.0,0.0,1.0,0.0,138.0,410000.0,0,0,0,0,1,0
5000.0,1.0,0.0,0.0,0.0,82000.0,0.0,0.0,1,0,0,0,0,0
0.0,0.0,0.0,0.0,1.0,0.0,973.0,0.0,0,0,0,0,0,1
1000.0,1.0,1.0,0.0,0.0,32500.0,0.0,84350.0,0,0,0,0,1,0
3000.0,0.0,0.0,0.0,1.0,191840.0,1105.0,0.0,0,0,0,0,1,0
2000.0,0.0,0.0,1.0,0.0,9000.0,0.0,0.0,0,0,0,0,0,1
10.0,1.0,1.0,0.0,0.0,80273.0,0.0,574145.0,0,0,0,0,0,1
0.0,0.0,1.0,0.0,0.0,0.0,0.0,0.0,0,0,0,0,1,0
7000.0,1.0,0.0,1.0,1.0,458796.0,906.0,273218.0,0,0,0,1,0,0
1000.0,0.0,0.0,1.0,0.0,1000.0,0.0,0.0,0,0,0,0,0,1
10000.0,0.0,0.0,1.0,0.0,14600.0,0.0,3525.0,0,0,0,0,1,0
1000.0,0.0,0.0,0.0,0.0,2685405.0,0.0,977490.0,1,0,0,0,0,0
5000.0,0.0,0.0,1.0,1.0,5000.0,1334.0,0.0,0,0,0,0,1,0
9000.0,0.0,0.0,1.0,0.0,9000.0,0.0,0.0,0,0,0,0,1,0
1000.0,1.0,0.0,0.0,0.0,71200.0,0.0,109620.0,0,0,1,0,0,0
0.0,1.0,0.0,0.0,1.0,0.0,1308.0,0.0,0,0,0,0,1,0
735.0,0.0,1.0,0.0,1.0,184785.0,1336.0,0.0,0,0,0,0,1,0
5000.0,0.0,1.0,0.0,1.0,326170.0,881.0,659994.0,0,0,0,0,0,1
1000.0,0.0,0.0,1.0,0.0,93981.0,0.0,605250.0,0,0,0,0,1,0
3000.0,0.0,0.0,1.0,1.0,113550.0,275.0,401016.0,0,1,0,0,0,0
36300.0,0.0,0.0,1.0,0.0,296300.0,0.0,500000.0,1,0,0,0,0,0
10.0,0.0,0.0,1.0,0.0,112883.0,0.0,119996.0,0,0,0,0,1,0
3000.0,0.0,0.0,1.0,1.0,3000.0,31.0,51200.0,0,0,0,0,1,0
3000.0,0.0,0.0,0.0,0.0,84300.0,0.0,115100.0,0,0,0,0,1,0
500.0,1.0,0.0,0.0,1.0,500.0,1477.0,0.0,0,0,0,1,0,0
10.0,0.0,1.0,0.0,1.0,290010.0,757.0,350000.0,0,0,0,1,0,0
0.0,0.0,0.0,0.0,0.0,0.0,0.0,0.0,0,0,0,0,1,0
1000.0,0.0,1.0,0.0,0.0,79580.0,0.0,0.0,1,0,0,0,0,0
5000.0,1.0,0.0,0.0,0.0,85000.0,0.0,0.0,0,0,0,1,0,0
10.0,0.0,1.0,0.0,1.0,1010.0,123.0,62700.0,0,0,0,0,1,0
3000.0,0.0,1.0,0.0,1.0,14000.0,1003.0,38250.0,0,0,0,0,1,0
9800.0,0.0,0.0,0.0,0.0,70019.0,0.0,20000.0,0,0,0,0,0,1
0.0,0.0,0.0,0.0,0.0,0.0,0.0,0.0,0,0,0,0,1,0
1000.0,1.0,0.0,1.0,1.0,1203040.0,1337.0,0.0,1,0,0,0,0,0
1000.0,0.0,0.0,0.0,1.0,0.0,426.0,0.0,0,0,0,0,0,1
0.0,1.0,0.0,0.0,1.0,0.0,746.0,0.0,0,0,0,0,0,1
1000.0,0.0,1.0,0.0,1.0,377400.0,972.0,0.0,0,0,0,1,0,0
10000.0,0.0,1.0,0.0,0.0,316000.0,0.0,260000.0,0,0,0,0,0,1
0.0,0.0,0.0,0.0,1.0,0.0,549.0,111000.0,0,0,0,0,1,0
0.0,0.0,0.0,0.0,0.0,0.0,0.0,165000.0,0,0,0,0,1,0
0.0,0.0,0.0,0.0,1.0,542.0,1034.0,0.0,0,0,0,0,0,1
0.0,0.0,0.0,0.0,0.0,45200.0,0.0,0.0,0,0,0,0,0,1
10000.0,0.0,0.0,1.0,0.0,155718.0,0.0,300001.0,1,0,0,0,0,0
1000.0,0.0,1.0,0.0,1.0,309000.0,895.0,0.0,0,0,0,0,0,1
0.0,0.0,0.0,0.0,1.0,0.0,867.0,0.0,0,0,0,0,1,0
0.0,0.0,0.0,0.0,0.0,0.0,0.0,12000.0,0,0,0,1,0,0
6500.0,0.0,0.0,0.0,0.0,108000.0,0.0,0.0,0,0,0,0,1,0
1000.0,0.0,0.0,1.0,1.0,1000.0,237.0,79310.0,0,0,0,0,1,0
1000.0,0.0,0.0,0.0,0.0,1000.0,0.0,0.0,0,0,0,0,0,1
5000.0,0.0,1.0,0.0,0.0,707300.0,0.0,0.0,0,0,0,0,0,1
600.0,0.0,0.0,1.0,0.0,8100.0,0.0,28800.0,0,0,0,0,0,1
0.0,0.0,1.0,0.0,0.0,72481.0,0.0,0.0,0,0,0,0,0,1
16540.0,0.0,0.0,0.0,0.0,27200.0,0.0,0.0,0,0,0,0,0,1
200.0,0.0,0.0,0.0,0.0,5200.0,0.0,0.0,0,0,0,0,1,0
0.0,0.0,0.0,0.0,0.0,22421.0,0.0,17579.0,0,0,0,0,1,0
1000.0,0.0,1.0,0.0,0.0,20500.0,0.0,357999.0,0,0,0,1,0,0
1000.0,0.0,0.0,1.0,0.0,21225.0,0.0,4500.0,0,0,0,1,0,0
11600.0,0.0,0.0,1.0,0.0,11600.0,0.0,77000.0,0,0,0,0,1,0
1000.0,0.0,1.0,0.0,1.0,1000.0,274.0,50000.0,0,0,0,0,0,1
0.0,0.0,0.0,1.0,1.0,0.0,121.0,56039.0,0,0,0,0,1,0
1000.0,0.0,1.0,0.0,1.0,0.0,1061.0,0.0,0,0,0,0,1,0
1000.0,0.0,0.0,0.0,0.0,101000.0,0.0,1121340.0,0,1,0,0,0,0
9000.0,0.0,1.0,0.0,0.0,23500.0,0.0,545000.0,0,0,0,0,0,1
3000.0,0.0,0.0,1.0,0.0,36852.0,0.0,660447.0,0,0,0,0,0,1
0.0,0.0,1.0,0.0,0.0,0.0,0.0,0.0,0,0,0,0,0,1
400.0,0.0,1.0,0.0,0.0,189400.0,0.0,91800.0,0,0,0,0,0,1
149500.0,0.0,0.0,1.0,0.0,159670.0,0.0,59750.0,0,0,0,0,1,0
0.0,0.0,1.0,0.0,0.0,42000.0,0.0,20000.0,0,0,0,0,0,1
0.0,0.0,0.0,0.0,0.0,0.0,0.0,0.0,0,0,0,0,0,1
560.0,0.0,1.0,0.0,0.0,259000.0,0.0,110360.0,0,0,0,0,1,0
3000.0,0.0,0.0,1.0,1.0,53000.0,662.0,240000.0,0,0,0,0,1,0
0.0,0.0,0.0,0.0,0.0,0.0,0.0,0.0,0,0,0,0,1,0
0.0,0.0,0.0,0.0,1.0,0.0,944.0,0.0,1,0,0,0,0,0
215000.0,0.0,0.0,1.0,0.0,255491.0,0.0,0.0,0,0,0,0,0,1
100000.0,0.0,1.0,1.0,1.0,238870.0,629.0,-19935.0,0,1,0,0,0,0
388000.0,0.0,1.0,0.0,0.0,347727.0,0.0,0.0,0,0,0,0,0,1
275000.0,0.0,1.0,1.0,0.0,250000.0,0.0,0.0,0,1,0,0,0,0
379000.0,1.0,0.0,0.0,0.0,706171.0,0.0,0.0,0,0,0,1,0,0
3000.0,0.0,0.0,0.0,0.0,0.0,0.0,0.0,0,0,0,0,0,1
7000.0,0.0,0.0,0.0,0.0,0.0,0.0,0.0,0,0,0,0,1,0
3000.0,0.0,1.0,0.0,0.0,0.0,0.0,0.0,0,0,0,0,1,0
0.0,0.0,0.0,0.0,0.0,0.0,0.0,0.0,0,0,0,0,0,1
0.0,0.0,1.0,1.0,1.0,0.0,336.0,0.0,0,0,0,0,0,1
0.0,0.0,0.0,0.0,0.0,0.0,0.0,0.0,0,0,0,1,0,0
10000.0,0.0,0.0,0.0,0.0,0.0,0.0,0.0,0,0,0,0,1,0
30000.0,0.0,0.0,0.0,0.0,0.0,0.0,0.0,0,0,0,0,0,1
1000.0,0.0,1.0,1.0,0.0,0.0,0.0,0.0,0,0,0,0,1,0
81000.0,0.0,1.0,1.0,0.0,0.0,0.0,0.0,0,1,0,0,0,0
86000.0,0.0,1.0,1.0,0.0,16000.0,0.0,30000.0,0,0,0,0,1,0
50000.0,1.0,0.0,0.0,0.0,100000.0,0.0,0.0,0,0,1,0,0,0
150000.0,1.0,0.0,0.0,0.0,180000.0,0.0,0.0,0,0,0,1,0,0
2000.0,1.0,0.0,0.0,0.0,0.0,0.0,0.0,1,0,0,0,0,0
0.0,0.0,0.0,0.0,0.0,0.0,0.0,0.0,0,0,0,0,0,1
23000.0,0.0,1.0,1.0,0.0,37330.0,0.0,0.0,0,0,1,0,0,0
150000.0,1.0,0.0,1.0,1.0,100.0,378.0,0.0,0,0,0,0,1,0
89000.0,0.0,0.0,0.0,0.0,67994.0,0.0,39990.0,0,0,0,1,0,0
92000.0,1.0,0.0,0.0,1.0,59160.0,606.0,5000.0,0,0,0,0,1,0
60000.0,0.0,0.0,1.0,0.0,9000.0,0.0,0.0,0,0,0,0,1,0
378000.0,0.0,0.0,1.0,0.0,99500.0,0.0,0.0,0,1,0,0,0,0
58000.0,0.0,0.0,0.0,0.0,10000.0,0.0,96000.0,0,0,0,0,0,1
98000.0,0.0,0.0,1.0,0.0,26982.0,0.0,82974.0,0,0,0,0,0,1
154000.0,1.0,0.0,0.0,0.0,217000.0,0.0,0.0,1,0,0,0,0,0
14000.0,0.0,0.0,0.0,1.0,0.0,632.0,0.0,0,0,0,0,0,1
468000.0,0.0,1.0,1.0,0.0,250866.0,0.0,685000.0,0,0,0,0,0,1
0.0,1.0,0.0,0.0,0.0,100000.0,0.0,0.0,0,0,0,0,0,1
117000.0,0.0,0.0,0.0,1.0,1000.0,338.0,10000.0,0,0,0,0,1,0
8000.0,0.0,0.0,1.0,0.0,0.0,0.0,0.0,0,0,0,0,1,0
0.0,0.0,0.0,0.0,0.0,0.0,0.0,0.0,0,0,0,0,0,1
23000.0,0.0,1.0,0.0,1.0,0.0,218.0,0.0,0,0,0,0,0,1
235000.0,0.0,0.0,1.0,1.0,0.0,126.0,70000.0,0,0,0,0,0,1
1280000.0,0.0,1.0,0.0,0.0,402999.0,0.0,399996.0,0,0,0,1,0,0
60000.0,1.0,1.0,0.0,0.0,38000.0,0.0,77580.0,1,0,0,0,0,0
2000.0,0.0,0.0,0.0,0.0,2000.0,0.0,0.0,1,0,0,0,0,0
166000.0,0.0,0.0,0.0,0.0,1000.0,0.0,40280.0,0,0,0,1,0,0
91000.0,0.0,0.0,1.0,0.0,11600.0,0.0,1050.0,0,0,0,1,0,0
200000.0,0.0,0.0,0.0,0.0,127453.0,0.0,0.0,0,0,0,0,1,0
102000.0,0.0,0.0,1.0,0.0,582500.0,0.0,0.0,1,0,0,0,0,0
100000.0,0.0,0.0,0.0,0.0,50000.0,0.0,0.0,1,0,0,0,0,0
150000.0,0.0,1.0,0.0,0.0,300008.0,0.0,0.0,0,0,0,0,1,0
30000.0,0.0,0.0,1.0,0.0,0.0,0.0,0.0,0,0,0,0,0,1
30000.0,0.0,0.0,0.0,0.0,50000.0,0.0,0.0,0,0,0,1,0,0
0.0,0.0,0.0,0.0,0.0,0.0,0.0,0.0,0,0,0,0,1,0
10000.0,0.0,0.0,0.0,0.0,0.0,0.0,0.0,0,0,0,1,0,0
100000.0,0.0,0.0,1.0,0.0,22150.0,0.0,80000.0,0,0,0,1,0,0
5000.0,0.0,0.0,1.0,1.0,5000.0,243.0,0.0,0,0,0,0,0,1
33000.0,0.0,0.0,0.0,0.0,33060.0,0.0,0.0,0,0,0,0,0,1
0.0,0.0,1.0,0.0,0.0,0.0,0.0,0.0,0,0,0,0,1,0
4000.0,1.0,0.0,0.0,0.0,0.0,0.0,0.0,1,0,0,0,0,0
0.0,1.0,0.0,0.0,0.0,0.0,0.0,0.0,0,0,0,0,0,1
10000.0,1.0,0.0,1.0,0.0,0.0,0.0,0.0,0,0,1,0,0,0
6000.0,1.0,0.0,0.0,0.0,0.0,0.0,0.0,0,0,0,0,1,0
0.0,0.0,0.0,0.0,0.0,0.0,0.0,0.0,0,0,0,0,0,1
1000.0,0.0,0.0,1.0,0.0,0.0,0.0,2328.0,0,0,0,0,0,1
100000.0,0.0,0.0,0.0,0.0,10000.0,0.0,0.0,0,0,1,0,0,0
0.0,0.0,0.0,0.0,0.0,0.0,0.0,0.0,0,0,0,0,0,1
38000.0,0.0,0.0,0.0,0.0,1000.0,0.0,22300.0,0,0,0,0,0,1
63000.0,0.0,0.0,1.0,0.0,3000.0,0.0,0.0,0,0,0,0,1,0
20000.0,0.0,0.0,1.0,1.0,5000.0,730.0,0.0,1,0,0,0,0,0
0.0,0.0,0.0,0.0,0.0,0.0,0.0,0.0,0,0,0,0,1,0
0.0,0.0,0.0,0.0,0.0,0.0,0.0,0.0,1,0,0,0,0,0
153000.0,0.0,0.0,0.0,0.0,0.0,0.0,0.0,0,0,0,0,1,0
20000.0,0.0,0.0,0.0,0.0,0.0,0.0,0.0,0,0,0,0,1,0
10000.0,0.0,1.0,1.0,0.0,5000.0,0.0,0.0,0,0,0,0,1,0
13000.0,0.0,0.0,1.0,0.0,0.0,0.0,0.0,0,0,0,0,1,0
0.0,0.0,0.0,1.0,0.0,0.0,0.0,0.0,0,0,0,0,1,0
61000.0,0.0,1.0,0.0,0.0,9900.0,0.0,102000.0,0,0,0,0,1,0
27000.0,1.0,0.0,0.0,0.0,0.0,0.0,24650.0,0,0,0,1,0,0
18000.0,0.0,0.0,1.0,1.0,0.0,912.0,0.0,0,0,0,0,1,0
0.0,0.0,1.0,0.0,0.0,0.0,0.0,0.0,0,0,0,0,0,1
0.0,0.0,0.0,1.0,0.0,0.0,0.0,0.0,0,0,0,0,0,1
37000.0,0.0,0.0,1.0,0.0,7000.0,0.0,30000.0,0,0,0,0,0,1
25000.0,0.0,0.0,1.0,0.0,0.0,0.0,0.0,0,0,0,0,0,1
23000.0,0.0,1.0,0.0,0.0,0.0,0.0,0.0,0,0,0,0,1,0
0.0,0.0,0.0,1.0,0.0,0.0,0.0,100000.0,0,0,0,0,1,0
0.0,0.0,1.0,0.0,1.0,263200.0,1208.0,0.0,0,0,0,0,0,1
16000.0,0.0,0.0,0.0,0.0,0.0,0.0,0.0,0,0,0,0,0,1
52000.0,0.0,0.0,1.0,0.0,0.0,0.0,99992.0,0,0,0,0,1,0
2000.0,1.0,0.0,0.0,0.0,0.0,0.0,0.0,1,0,0,0,0,0
100000.0,0.0,1.0,0.0,0.0,0.0,0.0,0.0,0,0,0,0,1,0
58000.0,0.0,1.0,0.0,0.0,0.0,0.0,29400.0,0,0,0,0,1,0
23000.0,0.0,1.0,0.0,0.0,3000.0,0.0,32400.0,0,0,0,0,1,0
75000.0,0.0,0.0,0.0,0.0,30035.0,0.0,0.0,0,0,0,0,1,0
5000.0,0.0,0.0,0.0,0.0,0.0,0.0,0.0,0,0,0,0,0,1
90000.0,0.0,0.0,0.0,0.0,90000.0,0.0,0.0,0,0,0,0,0,1
155000.0,1.0,0.0,0.0,0.0,0.0,0.0,50000.0,1,0,0,0,0,0
58000.0,0.0,1.0,0.0,0.0,11162.0,0.0,50100.0,0,0,0,1,0,0
100000.0,0.0,0.0,0.0,0.0,0.0,0.0,0.0,0,0,0,1,0,0
6000.0,0.0,0.0,0.0,1.0,1000.0,534.0,0.0,0,0,0,0,1,0
45000.0,0.0,1.0,0.0,1.0,0.0,768.0,30000.0,0,0,0,0,1,0
0.0,0.0,1.0,0.0,0.0,0.0,0.0,0.0,0,0,0,0,1,0
29000.0,0.0,0.0,1.0,0.0,1200.0,0.0,29610.0,0,0,0,0,1,0
7000.0,0.0,1.0,1.0,1.0,0.0,640.0,28000.0,0,0,0,0,1,0
10000.0,0.0,0.0,1.0,0.0,20000.0,0.0,0.0,0,0,0,0,1,0
94000.0,0.0,0.0,0.0,1.0,5000.0,596.0,25000.0,0,0,0,1,0,0
202000.0,0.0,1.0,0.0,0.0,75000.0,0.0,40690.0,0,0,0,0,0,1
29000.0,0.0,0.0,1.0,1.0,6000.0,545.0,45470.0,0,1,0,0,0,0
104000.0,0.0,0.0,1.0,0.0,84000.0,0.0,20000.0,0,0,0,0,0,1
0.0,0.0,0.0,1.0,0.0,0.0,0.0,0.0,0,0,0,0,0,1
5000.0,0.0,0.0,1.0,0.0,10200.0,0.0,0.0,0,0,0,0,0,1
0.0,1.0,0.0,0.0,1.0,0.0,553.0,0.0,0,0,0,1,0,0
106000.0,0.0,0.0,1.0,0.0,108780.0,0.0,0.0,0,0,0,0,1,0
9000.0,0.0,0.0,1.0,0.0,0.0,0.0,0.0,0,0,0,0,0,1
4000.0,0.0,0.0,0.0,0.0,0.0,0.0,0.0,0,0,0,0,0,1
1000.0,0.0,0.0,0.0,0.0,0.0,0.0,0.0,0,0,0,0,0,1
9000.0,1.0,0.0,1.0,1.0,0.0,577.0,0.0,0,0,0,1,0,0
90000.0,0.0,0.0,0.0,0.0,0.0,0.0,0.0,0,0,0,0,0,1
500.0,0.0,1.0,0.0,0.0,0.0,0.0,0.0,0,0,0,0,1,0
10000.0,0.0,0.0,1.0,0.0,10000.0,0.0,0.0,1,0,0,0,0,0
40000.0,0.0,0.0,0.0,1.0,20999.0,786.0,70000.0,0,0,0,0,1,0
15000.0,0.0,0.0,0.0,0.0,0.0,0.0,0.0,0,0,0,0,0,1
12000.0,0.0,1.0,0.0,0.0,0.0,0.0,0.0,0,0,0,0,0,1
15000.0,0.0,0.0,0.0,0.0,15000.0,0.0,0.0,0,0,0,0,1,0
5000.0,0.0,0.0,1.0,0.0,5000.0,0.0,20000.0,0,0,0,0,0,1
49000.0,0.0,0.0,1.0,0.0,48383.0,0.0,25293.0,0,0,0,0,0,1
100000.0,0.0,0.0,1.0,0.0,1597500.0,0.0,0.0,0,0,0,0,1,0
33000.0,0.0,0.0,1.0,1.0,500.0,699.0,29950.0,0,0,0,0,0,1
109000.0,0.0,0.0,0.0,0.0,9000.0,0.0,100000.0,1,0,0,0,0,0
5000.0,0.0,0.0,1.0,0.0,0.0,0.0,68000.0,0,0,0,0,1,0
0.0,0.0,0.0,1.0,1.0,3000.0,335.0,30400.0,0,0,0,0,1,0
109000.0,0.0,0.0,1.0,1.0,0.0,387.0,100000.0,0,0,0,0,0,1
0.0,1.0,0.0,0.0,0.0,50000.0,0.0,0.0,0,0,0,1,0,0
0.0,0.0,0.0,0.0,0.0,0.0,0.0,0.0,0,0,0,0,1,0
0.0,0.0,1.0,0.0,0.0,155000.0,0.0,0.0,0,0,0,0,1,0
31000.0,0.0,0.0,1.0,0.0,56000.0,0.0,0.0,0,0,0,0,0,1
35000.0,0.0,0.0,1.0,0.0,25000.0,0.0,0.0,1,0,0,0,0,0
16000.0,0.0,1.0,0.0,1.0,9500.0,625.0,0.0,0,0,0,0,0,1
65000.0,0.0,0.0,1.0,0.0,65000.0,0.0,0.0,0,1,0,0,0,0
55000.0,0.0,1.0,0.0,0.0,80025.0,0.0,0.0,0,0,0,0,1,0
37000.0,0.0,1.0,0.0,0.0,0.0,0.0,32000.0,0,0,0,0,1,0
16000.0,0.0,0.0,1.0,0.0,0.0,0.0,0.0,0,0,0,1,0,0
60000.0,0.0,0.0,1.0,0.0,0.0,0.0,0.0,0,0,0,0,1,0
46000.0,0.0,1.0,0.0,0.0,21000.0,0.0,0.0,0,0,0,0,1,0
1000.0,1.0,1.0,0.0,0.0,0.0,0.0,0.0,0,0,0,0,1,0
22000.0,0.0,1.0,0.0,0.0,12040.0,0.0,31180.0,0,0,0,0,0,1
26000.0,0.0,0.0,0.0,1.0,0.0,598.0,0.0,0,0,0,0,1,0
1000.0,0.0,0.0,0.0,1.0,0.0,456.0,0.0,0,0,0,0,0,1
100.0,1.0,0.0,0.0,0.0,99100.0,0.0,102000.0,0,0,0,1,0,0
2000.0,0.0,0.0,0.0,0.0,122000.0,0.0,0.0,0,0,0,0,0,1
85000.0,0.0,0.0,1.0,0.0,169000.0,0.0,0.0,0,0,0,0,0,1
13000.0,0.0,0.0,1.0,1.0,23004.0,473.0,50000.0,0,0,0,0,0,1
92000.0,0.0,1.0,0.0,1.0,54000.0,987.0,0.0,0,0,0,0,1,0
277000.0,0.0,0.0,1.0,0.0,108620.0,0.0,126750.0,0,0,0,0,1,0
2000.0,0.0,0.0,0.0,1.0,0.0,17.0,50000.0,0,0,0,0,1,0
8000.0,1.0,0.0,0.0,0.0,0.0,0.0,0.0,0,0,0,0,0,1
3000.0,0.0,1.0,0.0,0.0,500.0,0.0,50000.0,0,0,0,0,0,1
42000.0,0.0,0.0,0.0,0.0,19600.0,0.0,63050.0,0,0,0,0,0,1
3000.0,0.0,0.0,0.0,1.0,3000.0,274.0,15000.0,0,0,0,0,1,0
0.0,0.0,0.0,0.0,0.0,0.0,0.0,0.0,0,0,0,0,1,0
300000.0,0.0,0.0,1.0,0.0,510642.0,0.0,0.0,0,0,0,0,1,0
70000.0,0.0,0.0,0.0,0.0,9980.0,0.0,9980.0,1,0,0,0,0,0
93000.0,0.0,0.0,1.0,0.0,166980.0,0.0,0.0,0,0,0,0,1,0
91000.0,0.0,1.0,0.0,0.0,131200.0,0.0,0.0,0,0,0,1,0,0
21000.0,0.0,0.0,0.0,0.0,20000.0,0.0,0.0,0,0,0,0,0,1
17000.0,0.0,1.0,0.0,0.0,32497.0,0.0,76580.0,0,0,0,0,1,0
78000.0,0.0,0.0,1.0,1.0,6453.0,420.0,71904.0,0,0,0,0,0,1
30000.0,0.0,1.0,0.0,0.0,15000.0,0.0,0.0,0,0,0,0,0,1
0.0,0.0,0.0,1.0,0.0,0.0,0.0,0.0,0,0,0,0,0,1
2000.0,0.0,0.0,0.0,0.0,1500.0,0.0,0.0,0,0,0,0,1,0
2000.0,0.0,0.0,1.0,0.0,2000.0,0.0,0.0,0,0,0,0,0,1
34000.0,0.0,0.0,0.0,1.0,20050.0,618.0,28210.0,0,0,0,0,0,1
14000.0,0.0,0.0,0.0,0.0,12500.0,0.0,0.0,0,0,0,1,0,0
89000.0,0.0,0.0,0.0,0.0,50.0,0.0,100000.0,0,0,0,0,0,1
40000.0,1.0,0.0,0.0,0.0,25000.0,0.0,30000.0,0,0,0,0,1,0
181000.0,0.0,0.0,1.0,0.0,0.0,0.0,0.0,0,0,0,0,0,1
50000.0,0.0,0.0,0.0,0.0,99900.0,0.0,0.0,0,0,0,0,0,1
75000.0,0.0,1.0,0.0,0.0,105000.0,0.0,0.0,0,0,0,0,0,1
10000.0,0.0,1.0,0.0,0.0,10000.0,0.0,0.0,0,0,0,0,1,0
0.0,0.0,1.0,0.0,1.0,1640000.0,852.0,0.0,0,0,0,0,1,0
66000.0,0.0,1.0,0.0,0.0,66120.0,0.0,0.0,0,0,0,0,1,0
14000.0,1.0,0.0,1.0,0.0,6100.0,0.0,20000.0,0,0,0,1,0,0
125000.0,0.0,1.0,0.0,0.0,183950.0,0.0,0.0,0,0,0,0,1,0
0.0,0.0,0.0,0.0,0.0,0.0,0.0,0.0,0,0,0,0,1,0
6000.0,1.0,0.0,1.0,1.0,0.0,640.0,0.0,1,0,0,0,0,0
74000.0,1.0,0.0,1.0,0.0,145504.0,0.0,0.0,1,0,0,0,0,0
0.0,0.0,1.0,0.0,1.0,0.0,395.0,0.0,0,0,0,0,1,0
135000.0,0.0,0.0,0.0,0.0,9900.0,0.0,250000.0,0,0,0,0,1,0
22000.0,0.0,0.0,0.0,0.0,2000.0,0.0,0.0,0,0,0,0,1,0
44000.0,0.0,0.0,1.0,0.0,83730.0,0.0,0.0,0,0,0,0,1,0
11000.0,0.0,0.0,0.0,1.0,10000.0,554.0,0.0,0,0,0,0,0,1
23000.0,0.0,0.0,0.0,1.0,500.0,24.0,20000.0,0,0,0,0,0,1
42000.0,0.0,0.0,1.0,1.0,16007.0,208.0,3001.0,0,0,0,0,0,1
13000.0,0.0,0.0,0.0,0.0,0.0,0.0,0.0,0,0,0,0,0,1
64000.0,0.0,1.0,0.0,0.0,41000.0,0.0,0.0,0,0,1,0,0,0
0.0,0.0,0.0,0.0,1.0,0.0,149.0,0.0,0,0,0,0,1,0
70000.0,0.0,0.0,1.0,0.0,70000.0,0.0,0.0,0,0,0,0,0,1
23000.0,0.0,0.0,0.0,0.0,23400.0,0.0,0.0,0,0,0,0,1,0
0.0,0.0,1.0,0.0,1.0,0.0,61.0,0.0,1,0,0,0,0,0
7000.0,0.0,1.0,0.0,0.0,62000.0,0.0,150000.0,0,0,0,0,0,1
10000.0,0.0,1.0,0.0,0.0,0.0,0.0,0.0,0,0,0,0,0,1
1000.0,0.0,1.0,0.0,1.0,1000.0,83.0,77000.0,0,0,0,0,0,1
30000.0,0.0,1.0,0.0,0.0,44995.0,0.0,0.0,0,0,0,0,1,0
10000.0,0.0,1.0,0.0,0.0,10000.0,0.0,0.0,0,0,0,0,1,0
2000.0,0.0,1.0,0.0,0.0,2000.0,0.0,0.0,0,0,0,0,0,1
50000.0,0.0,0.0,0.0,0.0,0.0,0.0,0.0,0,0,0,1,0,0
10000.0,0.0,0.0,1.0,0.0,10000.0,0.0,0.0,0,0,0,0,1,0
100000.0,0.0,0.0,1.0,0.0,160000.0,0.0,450000.0,0,0,0,1,0,0
30000.0,0.0,1.0,0.0,0.0,30000.0,0.0,0.0,0,0,0,0,1,0
2000.0,1.0,0.0,0.0,0.0,2000.0,0.0,0.0,0,0,0,0,1,0
100000.0,0.0,0.0,0.0,0.0,100000.0,0.0,0.0,0,0,0,0,0,1
8000.0,0.0,0.0,1.0,0.0,15000.0,0.0,0.0,0,0,0,0,1,0
0.0,1.0,0.0,0.0,0.0,0.0,0.0,0.0,1,0,0,0,0,0
99000.0,0.0,1.0,0.0,0.0,3000.0,0.0,92000.0,0,0,0,0,0,1
10000.0,0.0,1.0,0.0,0.0,9500.0,0.0,0.0,0,0,1,0,0,0
52000.0,0.0,0.0,1.0,0.0,5000.0,0.0,94600.0,0,1,0,0,0,0
113000.0,0.0,0.0,1.0,0.0,113000.0,0.0,0.0,0,0,0,0,0,1
0.0,1.0,1.0,0.0,0.0,100000.0,0.0,0.0,0,1,0,0,0,0
0.0,0.0,0.0,1.0,0.0,0.0,0.0,0.0,0,0,0,0,0,1
20000.0,0.0,0.0,1.0,0.0,20000.0,0.0,0.0,0,0,0,0,1,0
49000.0,1.0,0.0,1.0,0.0,34000.0,0.0,0.0,1,0,0,0,0,0
30000.0,0.0,1.0,0.0,0.0,30000.0,0.0,0.0,0,0,0,0,1,0
70000.0,1.0,1.0,0.0,0.0,35900.0,0.0,25000.0,1,0,0,0,0,0
50000.0,0.0,0.0,1.0,0.0,0.0,0.0,0.0,0,0,0,0,0,1
65000.0,0.0,0.0,0.0,0.0,0.0,0.0,0.0,0,0,0,1,0,0
96000.0,0.0,1.0,0.0,0.0,134711.0,0.0,0.0,0,0,0,0,1,0
22000.0,0.0,1.0,0.0,0.0,22000.0,0.0,0.0,0,1,0,0,0,0
0.0,0.0,1.0,0.0,0.0,0.0,0.0,10000.0,1,0,0,0,0,0
810.0,1.0,0.0,1.0,0.0,0.0,0.0,0.0,1,0,0,0,0,0
3000.0,0.0,1.0,0.0,0.0,3000.0,0.0,0.0,0,0,0,0,1,0
0.0,0.0,1.0,0.0,1.0,21958.0,425.0,0.0,0,0,0,0,0,1
5000.0,0.0,1.0,0.0,0.0,5000.0,0.0,0.0,0,0,0,0,1,0
50000.0,0.0,0.0,0.0,0.0,70000.0,0.0,0.0,0,0,0,1,0,0
5000.0,0.0,1.0,0.0,0.0,10000.0,0.0,0.0,0,0,0,0,1,0
40000.0,0.0,0.0,0.0,0.0,52247.0,0.0,0.0,1,0,0,0,0,0
6000.0,0.0,0.0,1.0,0.0,6000.0,0.0,0.0,0,0,0,1,0,0
23000.0,0.0,0.0,0.0,0.0,22740.0,0.0,0.0,0,0,0,0,0,1
34000.0,0.0,0.0,0.0,0.0,22740.0,0.0,0.0,0,0,0,0,0,1
84000.0,0.0,0.0,1.0,0.0,77720.0,0.0,0.0,0,1,0,0,0,0
151000.0,0.0,0.0,1.0,1.0,29550.0,270.0,170000.0,0,0,0,1,0,0
0.0,0.0,0.0,0.0,0.0,0.0,0.0,0.0,0,0,0,0,1,0
247000.0,1.0,1.0,0.0,0.0,121000.0,0.0,0.0,0,0,0,0,1,0
46000.0,0.0,0.0,0.0,1.0,13000.0,747.0,0.0,0,0,0,0,1,0
88000.0,0.0,1.0,0.0,1.0,31000.0,760.0,144000.0,0,0,0,0,0,1
99000.0,0.0,0.0,1.0,0.0,66100.0,0.0,301145.0,0,0,0,0,1,0
32000.0,0.0,0.0,1.0,0.0,4000.0,0.0,25000.0,0,0,0,0,0,1
133000.0,1.0,0.0,1.0,0.0,11500.0,0.0,50063.0,0,0,0,1,0,0
92000.0,1.0,1.0,0.0,0.0,40000.0,0.0,3000.0,0,0,0,0,1,0
272000.0,0.0,1.0,0.0,0.0,113000.0,0.0,0.0,0,0,0,0,0,1
87000.0,0.0,1.0,0.0,0.0,0.0,0.0,0.0,0,0,0,0,1,0
380000.0,0.0,0.0,1.0,0.0,5000.0,0.0,0.0,0,0,0,0,1,0
0.0,0.0,0.0,1.0,0.0,0.0,0.0,0.0,0,0,0,0,1,0
0.0,0.0,0.0,0.0,1.0,0.0,395.0,0.0,0,0,0,0,1,0
100000.0,0.0,1.0,0.0,0.0,150000.0,0.0,100000.0,0,0,0,0,1,0
15000.0,0.0,0.0,0.0,0.0,0.0,0.0,0.0,0,0,0,0,1,0
0.0,0.0,0.0,0.0,0.0,0.0,0.0,0.0,0,0,0,0,1,0
2000.0,1.0,0.0,0.0,0.0,0.0,0.0,0.0,0,0,0,0,0,1
4000.0,0.0,0.0,1.0,0.0,0.0,0.0,0.0,0,0,0,1,0,0
0.0,0.0,1.0,0.0,0.0,0.0,0.0,0.0,1,0,0,0,0,0
20000.0,0.0,0.0,0.0,0.0,0.0,0.0,0.0,0,0,0,1,0,0
20000.0,0.0,0.0,0.0,0.0,0.0,0.0,0.0,0,0,0,0,0,1
3000.0,0.0,0.0,0.0,0.0,0.0,0.0,0.0,0,0,0,0,1,0
5000.0,0.0,0.0,1.0,0.0,5000.0,0.0,0.0,0,0,0,0,0,1
325000.0,0.0,1.0,0.0,0.0,254500.0,0.0,155000.0,0,0,0,1,0,0
1000.0,0.0,0.0,1.0,0.0,81000.0,0.0,223500.0,0,0,0,0,0,1
666000.0,0.0,0.0,1.0,0.0,431098.0,0.0,900000.0,0,0,0,1,0,0
4000.0,0.0,1.0,0.0,0.0,0.0,0.0,0.0,0,0,0,0,1,0
50000.0,0.0,0.0,1.0,0.0,0.0,0.0,0.0,0,0,0,0,1,0
6000.0,0.0,0.0,0.0,0.0,0.0,0.0,0.0,0,0,0,0,1,0
0.0,0.0,0.0,0.0,0.0,0.0,0.0,0.0,0,0,0,0,0,1
100000.0,0.0,0.0,1.0,0.0,20000.0,0.0,1098000.0,0,0,0,0,0,1
10000.0,0.0,1.0,0.0,0.0,0.0,0.0,0.0,0,0,0,0,1,0
172000.0,1.0,0.0,0.0,0.0,122000.0,0.0,70800.0,0,0,0,1,0,0
0.0,1.0,0.0,0.0,0.0,0.0,0.0,0.0,0,0,0,1,0,0
9000.0,0.0,0.0,0.0,1.0,16000.0,680.0,0.0,0,0,0,0,1,0
400.0,0.0,0.0,1.0,0.0,400.0,0.0,0.0,0,0,0,0,1,0
14000.0,0.0,0.0,0.0,0.0,0.0,0.0,0.0,0,0,0,0,0,1
145000.0,0.0,1.0,0.0,0.0,157500.0,0.0,428660.0,0,0,0,0,0,1
70000.0,1.0,1.0,0.0,1.0,32272.0,716.0,75600.0,0,0,0,0,1,0
30000.0,0.0,1.0,0.0,0.0,287594.0,0.0,-42453.0,0,0,0,0,0,1
115000.0,0.0,0.0,1.0,0.0,228940.0,0.0,0.0,0,0,0,0,1,0
85000.0,0.0,1.0,0.0,0.0,160000.0,0.0,0.0,0,0,0,0,0,1
302000.0,0.0,0.0,1.0,0.0,481497.0,0.0,0.0,0,0,0,0,1,0
138000.0,0.0,1.0,0.0,0.0,82000.0,0.0,193200.0,0,0,0,0,1,0
205000.0,0.0,0.0,0.0,0.0,60973.0,0.0,349740.0,0,0,0,0,1,0
414000.0,0.0,0.0,0.0,0.0,114408.0,0.0,0.0,0,0,0,0,0,1
91000.0,0.0,1.0,0.0,0.0,332234.0,0.0,350976.0,0,0,0,1,0,0
55000.0,0.0,0.0,1.0,0.0,10500.0,0.0,0.0,0,0,0,0,1,0
200000.0,0.0,1.0,0.0,0.0,3300.0,0.0,393655.0,0,0,0,0,0,1
215000.0,0.0,0.0,0.0,0.0,180000.0,0.0,50000.0,1,0,0,0,0,0
166000.0,0.0,0.0,1.0,1.0,46000.0,542.0,150919.0,0,1,0,0,0,0
341000.0,0.0,1.0,0.0,0.0,162000.0,0.0,425770.0,0,0,0,0,0,1
342000.0,0.0,0.0,1.0,1.0,13500.0,424.0,157624.0,0,0,0,0,1,0
34000.0,0.0,0.0,0.0,1.0,0.0,996.0,0.0,0,0,0,0,1,0
0.0,0.0,0.0,1.0,0.0,422.0,0.0,0.0,0,0,0,0,0,1
0.0,0.0,0.0,1.0,0.0,0.0,0.0,0.0,0,0,0,0,1,0
0.0,0.0,1.0,0.0,0.0,0.0,0.0,0.0,0,0,0,1,0,0
10000.0,0.0,0.0,1.0,0.0,0.0,0.0,0.0,0,0,0,0,1,0
10000.0,1.0,0.0,0.0,0.0,100128.0,0.0,0.0,0,0,0,0,0,1
76000.0,0.0,0.0,1.0,0.0,1407.0,0.0,0.0,0,0,0,0,0,1
10000.0,0.0,0.0,0.0,0.0,0.0,0.0,0.0,0,0,0,0,0,1
0.0,0.0,0.0,0.0,0.0,0.0,0.0,0.0,0,0,0,0,1,0
100000.0,0.0,0.0,1.0,1.0,180000.0,274.0,1000000.0,0,0,0,0,0,1
4000.0,0.0,0.0,0.0,0.0,1000.0,0.0,3000.0,0,0,0,0,0,1
100000.0,0.0,1.0,0.0,0.0,0.0,0.0,0.0,0,0,0,0,1,0
100000.0,0.0,1.0,0.0,0.0,0.0,0.0,0.0,0,0,0,0,0,1
98000.0,0.0,1.0,0.0,0.0,5360.0,0.0,89900.0,0,0,1,0,0,0
651000.0,0.0,0.0,1.0,1.0,10000.0,61.0,39668.0,0,0,0,0,0,1
242000.0,0.0,0.0,1.0,0.0,138368.0,0.0,414915.0,0,0,0,0,1,0
205000.0,0.0,1.0,0.0,0.0,90000.0,0.0,140085.0,0,0,0,0,1,0
122000.0,0.0,0.0,1.0,1.0,2000.0,184.0,29003.0,0,0,0,0,0,1
312000.0,0.0,0.0,1.0,1.0,84080.0,697.0,99999.0,0,0,0,1,0,0
884000.0,0.0,1.0,0.0,0.0,518515.0,0.0,382200.0,0,0,0,0,1,0
336000.0,0.0,1.0,0.0,0.0,113000.0,0.0,102000.0,0,0,0,0,1,0
67000.0,0.0,1.0,0.0,0.0,113000.0,0.0,102000.0,1,0,0,0,0,0
405000.0,0.0,1.0,0.0,0.0,729941.0,0.0,79950.0,0,0,0,0,0,1
68000.0,0.0,0.0,1.0,1.0,0.0,1034.0,0.0,0,0,0,1,0,0
4000.0,0.0,0.0,0.0,0.0,0.0,0.0,0.0,0,0,0,0,0,1
0.0,1.0,0.0,0.0,0.0,0.0,0.0,0.0,0,0,0,0,1,0
261000.0,1.0,1.0,1.0,0.0,21130.0,0.0,0.0,0,0,0,1,0,0
0.0,1.0,0.0,0.0,0.0,0.0,0.0,0.0,0,0,0,1,0,0
0.0,1.0,0.0,0.0,0.0,0.0,0.0,0.0,0,0,0,0,1,0
60.0,1.0,0.0,0.0,0.0,0.0,0.0,0.0,0,0,0,0,1,0
1000.0,1.0,0.0,0.0,0.0,0.0,0.0,0.0,0,0,0,0,1,0
68000.0,1.0,0.0,0.0,0.0,13000.0,0.0,230000.0,0,0,0,1,0,0
5000.0,1.0,0.0,0.0,0.0,0.0,0.0,0.0,1,0,0,0,0,0
15000.0,1.0,0.0,0.0,0.0,9000.0,0.0,0.0,0,0,0,1,0,0
10000.0,1.0,0.0,1.0,0.0,2500.0,0.0,0.0,0,0,0,1,0,0
95000.0,1.0,0.0,0.0,0.0,170000.0,0.0,0.0,0,0,0,1,0,0
31000.0,1.0,0.0,0.0,1.0,0.0,953.0,0.0,0,0,0,0,1,0
10000.0,1.0,0.0,0.0,0.0,10000.0,0.0,0.0,1,0,0,0,0,0
14000.0,0.0,0.0,1.0,0.0,0.0,0.0,0.0,0,0,0,0,1,0
58000.0,1.0,0.0,0.0,0.0,0.0,0.0,0.0,1,0,0,0,0,0
0.0,1.0,0.0,0.0,0.0,0.0,0.0,0.0,0,0,0,0,1,0
74000.0,0.0,0.0,1.0,1.0,100.0,306.0,59788.0,0,0,0,0,1,0
70000.0,0.0,0.0,0.0,0.0,0.0,0.0,0.0,0,1,0,0,0,0
187000.0,0.0,0.0,1.0,0.0,201000.0,0.0,172117.0,0,0,0,1,0,0
252000.0,1.0,0.0,0.0,0.0,252820.0,0.0,200000.0,0,0,0,0,1,0
300.0,0.0,1.0,0.0,0.0,300.0,0.0,0.0,0,0,0,0,0,1
118000.0,0.0,1.0,0.0,0.0,228636.0,0.0,0.0,0,0,0,0,0,1
460000.0,0.0,0.0,0.0,0.0,860250.0,0.0,0.0,0,0,0,0,0,1
203000.0,0.0,1.0,0.0,0.0,345000.0,0.0,0.0,0,0,0,0,0,1
0.0,0.0,0.0,1.0,1.0,0.0,851.0,0.0,0,0,0,0,1,0
0.0,0.0,0.0,0.0,0.0,0.0,0.0,0.0,0,0,0,0,0,1
567000.0,0.0,1.0,0.0,1.0,639416.0,639.0,542520.0,0,0,0,0,0,1
35000.0,0.0,0.0,1.0,0.0,5000.0,0.0,0.0,0,0,0,0,0,1
214000.0,0.0,1.0,0.0,0.0,87700.0,0.0,110000.0,0,0,0,0,0,1
750000.0,0.0,0.0,1.0,0.0,1500000.0,0.0,0.0,1,0,0,0,0,0
518000.0,0.0,0.0,0.0,0.0,64990.0,0.0,66066.0,0,0,0,0,1,0
999000.0,0.0,0.0,1.0,0.0,1297513.0,0.0,699995.0,0,0,0,0,1,0
102000.0,0.0,1.0,0.0,0.0,33303.0,0.0,29994.0,0,0,0,0,1,0
69000.0,0.0,1.0,0.0,0.0,4000.0,0.0,30520.0,0,0,0,0,1,0
175000.0,0.0,1.0,0.0,0.0,30000.0,0.0,119720.0,0,0,0,0,0,1
0.0,0.0,1.0,0.0,0.0,0.0,0.0,0.0,0,0,0,0,1,0
0.0,0.0,0.0,0.0,0.0,0.0,0.0,0.0,0,1,0,0,0,0
0.0,0.0,0.0,0.0,0.0,0.0,0.0,0.0,0,0,0,0,1,0
30000.0,0.0,0.0,0.0,0.0,7000.0,0.0,8100.0,0,0,0,0,1,0
193000.0,0.0,0.0,1.0,0.0,1000.0,0.0,40000.0,0,0,0,1,0,0
411000.0,0.0,0.0,1.0,0.0,805000.0,0.0,775000.0,0,0,0,0,1,0
0.0,0.0,0.0,0.0,0.0,0.0,0.0,0.0,0,0,0,0,1,0
100000.0,0.0,0.0,0.0,0.0,723004.0,0.0,1188106.0,0,0,0,1,0,0
90000.0,0.0,0.0,0.0,1.0,390600.0,247.0,0.0,0,1,0,0,0,0
218000.0,0.0,1.0,1.0,0.0,48250.0,0.0,40000.0,0,0,0,0,0,1
50.0,0.0,0.0,0.0,0.0,0.0,0.0,0.0,0,0,0,0,0,1
0.0,1.0,0.0,0.0,0.0,0.0,0.0,0.0,0,0,0,1,0,0
224000.0,0.0,0.0,1.0,0.0,447000.0,0.0,0.0,1,0,0,0,0,0
0.0,0.0,0.0,0.0,0.0,0.0,0.0,0.0,0,0,0,1,0,0
51000.0,0.0,0.0,1.0,0.0,0.0,0.0,50000.0,0,0,0,0,1,0
0.0,0.0,0.0,0.0,0.0,0.0,0.0,0.0,1,0,0,0,0,0
10000.0,0.0,0.0,1.0,0.0,0.0,0.0,0.0,0,0,0,0,0,1
97000.0,0.0,0.0,0.0,0.0,97000.0,0.0,0.0,0,0,0,0,0,1
12000.0,1.0,1.0,0.0,0.0,0.0,0.0,5000.0,0,0,0,0,1,0
30000.0,0.0,0.0,1.0,0.0,20500.0,0.0,39960.0,0,0,0,0,1,0
29000.0,0.0,0.0,1.0,1.0,0.0,1095.0,0.0,0,0,0,0,1,0
10000.0,0.0,0.0,1.0,0.0,0.0,0.0,0.0,0,0,0,0,1,0
50000.0,0.0,0.0,0.0,0.0,50000.0,0.0,0.0,0,1,0,0,0,0
6000.0,0.0,0.0,0.0,0.0,0.0,0.0,0.0,0,0,0,0,1,0
125000.0,0.0,0.0,1.0,1.0,1000.0,8.0,130000.0,0,0,0,0,1,0
0.0,0.0,1.0,0.0,0.0,0.0,0.0,0.0,0,0,0,0,1,0
66000.0,0.0,1.0,0.0,1.0,108990.0,963.0,0.0,1,0,0,0,0,0
117000.0,0.0,1.0,0.0,0.0,55125.0,0.0,183978.0,0,0,0,0,1,0
100000.0,0.0,0.0,1.0,0.0,10000.0,0.0,12500.0,0,1,0,0,0,0
51000.0,1.0,0.0,1.0,0.0,20000.0,0.0,99000.0,0,0,0,1,0,0
274000.0,0.0,0.0,1.0,1.0,145970.0,915.0,808680.0,0,0,0,0,0,1
280000.0,0.0,1.0,0.0,0.0,80000.0,0.0,400000.0,0,0,0,0,0,1
300000.0,0.0,0.0,0.0,0.0,0.0,0.0,200000.0,0,0,1,0,0,0
59000.0,0.0,0.0,0.0,0.0,59000.0,0.0,0.0,0,0,0,0,0,1
13000.0,0.0,0.0,0.0,0.0,0.0,0.0,0.0,0,0,0,0,1,0
104000.0,0.0,1.0,0.0,0.0,193500.0,0.0,88637.0,0,1,0,0,0,0
0.0,0.0,1.0,0.0,0.0,0.0,0.0,0.0,0,0,0,0,1,0
0.0,0.0,0.0,0.0,0.0,0.0,0.0,0.0,1,0,0,0,0,0
0.0,0.0,0.0,1.0,0.0,0.0,0.0,0.0,0,0,0,0,0,1
10000.0,0.0,0.0,0.0,0.0,0.0,0.0,0.0,0,0,0,0,0,1
36000.0,0.0,0.0,1.0,0.0,0.0,0.0,0.0,0,0,0,0,1,0
0.0,0.0,0.0,0.0,0.0,100000.0,0.0,0.0,1,0,0,0,0,0
20000.0,0.0,0.0,0.0,0.0,0.0,0.0,0.0,0,0,0,0,0,1
3000.0,0.0,0.0,0.0,0.0,3000.0,0.0,0.0,0,0,0,0,0,1
15000.0,0.0,0.0,0.0,0.0,0.0,0.0,0.0,0,0,0,0,0,1
0.0,0.0,1.0,0.0,0.0,0.0,0.0,0.0,0,0,0,0,0,1
0.0,0.0,0.0,1.0,0.0,0.0,0.0,0.0,0,0,0,0,0,1
0.0,0.0,0.0,1.0,1.0,0.0,395.0,0.0,0,0,0,0,0,1
0.0,0.0,0.0,0.0,0.0,0.0,0.0,0.0,0,0,0,0,0,1
0.0,0.0,0.0,1.0,0.0,0.0,0.0,0.0,0,0,0,0,0,1
20000.0,0.0,0.0,0.0,0.0,0.0,0.0,0.0,0,0,0,0,0,1
5000.0,1.0,0.0,0.0,0.0,5000.0,0.0,0.0,1,0,0,0,0,0
0.0,1.0,0.0,1.0,0.0,0.0,0.0,0.0,0,0,0,1,0,0
3000.0,0.0,0.0,0.0,0.0,3000.0,0.0,0.0,0,0,0,0,1,0
0.0,0.0,1.0,0.0,0.0,0.0,0.0,0.0,1,0,0,0,0,0
2000.0,0.0,0.0,1.0,0.0,2086.0,0.0,0.0,0,0,0,0,0,1
25000.0,0.0,0.0,1.0,0.0,0.0,0.0,0.0,0,0,0,0,1,0
0.0,0.0,0.0,0.0,1.0,0.0,396.0,0.0,0,0,0,0,1,0
61000.0,0.0,0.0,0.0,0.0,0.0,0.0,0.0,0,0,0,0,1,0
35000.0,0.0,0.0,1.0,0.0,5000.0,0.0,0.0,0,0,0,0,0,1
4000.0,0.0,0.0,1.0,0.0,0.0,0.0,0.0,0,0,0,1,0,0
3000.0,0.0,0.0,0.0,0.0,0.0,0.0,0.0,0,0,0,0,0,1
0.0,1.0,1.0,0.0,0.0,0.0,0.0,0.0,0,0,0,1,0,0
0.0,0.0,0.0,0.0,0.0,0.0,0.0,0.0,0,0,0,0,1,0
50000.0,0.0,0.0,0.0,0.0,0.0,0.0,0.0,0,0,0,0,0,1
9000.0,0.0,0.0,0.0,0.0,9000.0,0.0,0.0,0,0,0,0,0,1
688000.0,0.0,0.0,0.0,0.0,1334000.0,0.0,1175999.0,0,0,0,1,0,0
5000.0,0.0,0.0,0.0,0.0,0.0,0.0,0.0,0,0,0,0,1,0
3000.0,0.0,0.0,1.0,0.0,0.0,0.0,0.0,0,0,0,0,1,0
24000.0,0.0,0.0,0.0,0.0,2000.0,0.0,0.0,0,0,0,0,0,1
1000.0,0.0,0.0,1.0,0.0,1000.0,0.0,150000.0,0,0,0,0,0,1
30000.0,0.0,0.0,1.0,0.0,0.0,0.0,0.0,0,0,0,0,0,1
2000.0,0.0,0.0,0.0,1.0,0.0,1004.0,0.0,0,0,0,0,1,0
0.0,0.0,0.0,0.0,0.0,0.0,0.0,0.0,0,0,0,0,1,0
0.0,0.0,0.0,1.0,0.0,0.0,0.0,0.0,0,0,0,0,1,0
1000.0,0.0,0.0,1.0,0.0,0.0,0.0,0.0,0,0,0,0,1,0
0.0,0.0,0.0,1.0,0.0,0.0,0.0,0.0,0,0,0,0,0,1
0.0,0.0,0.0,0.0,0.0,0.0,0.0,0.0,0,0,0,0,0,1
9000.0,0.0,0.0,0.0,0.0,0.0,0.0,0.0,0,0,0,0,1,0
30000.0,0.0,1.0,0.0,0.0,0.0,0.0,0.0,0,0,0,0,0,1
0.0,0.0,0.0,1.0,0.0,0.0,0.0,0.0,0,0,0,0,1,0
30000.0,0.0,1.0,0.0,0.0,0.0,0.0,0.0,0,0,0,0,1,0
20000.0,0.0,0.0,0.0,0.0,0.0,0.0,0.0,0,1,0,0,0,0
40000.0,0.0,0.0,1.0,0.0,0.0,0.0,0.0,0,1,0,0,0,0
5000.0,0.0,1.0,0.0,0.0,0.0,0.0,0.0,0,0,0,0,1,0
35000.0,0.0,1.0,0.0,0.0,59450.0,0.0,42100.0,0,0,0,0,1,0
24000.0,0.0,0.0,0.0,0.0,7000.0,0.0,16500.0,0,1,0,0,0,0
0.0,0.0,0.0,0.0,1.0,0.0,700.0,0.0,0,0,0,0,0,1
31000.0,0.0,0.0,1.0,0.0,0.0,0.0,0.0,0,0,0,0,1,0
10000.0,0.0,0.0,1.0,0.0,0.0,0.0,0.0,0,0,0,0,1,0
30000.0,1.0,0.0,1.0,0.0,0.0,0.0,0.0,0,0,0,0,1,0
0.0,0.0,1.0,0.0,0.0,0.0,0.0,0.0,0,0,0,0,0,1
0.0,0.0,1.0,0.0,0.0,0.0,0.0,0.0,0,1,0,0,0,0
0.0,0.0,0.0,0.0,0.0,0.0,0.0,0.0,0,0,0,0,0,1
0.0,0.0,0.0,0.0,0.0,0.0,0.0,0.0,0,0,0,0,0,1
5000.0,0.0,0.0,1.0,0.0,0.0,0.0,0.0,0,0,0,0,0,1
0.0,0.0,0.0,0.0,0.0,0.0,0.0,0.0,0,0,0,0,1,0
11000.0,0.0,0.0,0.0,1.0,0.0,913.0,0.0,0,0,0,1,0,0
0.0,0.0,0.0,0.0,0.0,0.0,0.0,0.0,0,0,0,0,0,1
5000.0,0.0,0.0,1.0,0.0,0.0,0.0,0.0,0,0,0,0,0,1
500.0,0.0,0.0,1.0,0.0,500.0,0.0,0.0,0,0,0,0,1,0
0.0,0.0,0.0,1.0,0.0,0.0,0.0,0.0,0,0,0,0,1,0
5000.0,0.0,1.0,0.0,0.0,0.0,0.0,0.0,0,0,0,0,1,0
10000.0,0.0,0.0,0.0,0.0,0.0,0.0,0.0,0,0,0,0,1,0
0.0,0.0,0.0,0.0,0.0,0.0,0.0,0.0,0,0,0,0,0,1
20000.0,0.0,0.0,1.0,0.0,0.0,0.0,0.0,0,0,0,0,1,0
5000.0,0.0,1.0,0.0,0.0,0.0,0.0,0.0,0,0,0,0,1,0
0.0,0.0,0.0,1.0,0.0,0.0,0.0,0.0,0,0,0,0,1,0
30000.0,0.0,1.0,0.0,0.0,0.0,0.0,0.0,0,0,0,0,1,0
0.0,0.0,1.0,0.0,0.0,0.0,0.0,0.0,0,0,0,0,0,1
100000.0,0.0,1.0,0.0,0.0,0.0,0.0,0.0,0,0,0,0,1,0
0.0,0.0,0.0,1.0,0.0,0.0,0.0,0.0,0,0,0,0,1,0
0.0,0.0,0.0,0.0,0.0,0.0,0.0,0.0,0,0,0,0,1,0
0.0,0.0,0.0,0.0,0.0,0.0,0.0,0.0,0,0,0,0,1,0
13000.0,0.0,0.0,1.0,0.0,1000.0,0.0,0.0,0,0,0,0,0,1
2000.0,0.0,0.0,1.0,1.0,0.0,394.0,0.0,0,0,0,0,1,0
0.0,0.0,0.0,1.0,0.0,0.0,0.0,0.0,0,0,0,0,1,0
30000.0,0.0,0.0,1.0,0.0,0.0,0.0,0.0,0,0,0,0,1,0
0.0,0.0,0.0,1.0,0.0,0.0,0.0,0.0,0,0,0,0,1,0
0.0,0.0,1.0,0.0,0.0,0.0,0.0,0.0,0,0,0,0,1,0
0.0,0.0,0.0,0.0,0.0,0.0,0.0,0.0,0,0,0,0,0,1
1000.0,0.0,0.0,0.0,0.0,1000.0,0.0,0.0,0,0,0,1,0,0
500.0,0.0,0.0,0.0,0.0,0.0,0.0,0.0,0,0,0,0,1,0
2000.0,0.0,0.0,1.0,1.0,0.0,316.0,0.0,0,0,0,0,1,0
41000.0,0.0,0.0,1.0,1.0,0.0,588.0,0.0,0,0,0,0,1,0
5000.0,0.0,0.0,0.0,0.0,0.0,0.0,0.0,1,0,0,0,0,0
0.0,0.0,0.0,0.0,1.0,0.0,518.0,0.0,0,0,0,0,1,0
0.0,0.0,0.0,0.0,0.0,0.0,0.0,0.0,0,0,0,0,1,0
5000.0,0.0,0.0,1.0,0.0,0.0,0.0,0.0,0,0,0,0,1,0
0.0,0.0,1.0,0.0,0.0,0.0,0.0,0.0,0,0,0,0,0,1
10000.0,0.0,0.0,1.0,0.0,0.0,0.0,0.0,0,0,0,0,1,0
3000.0,0.0,0.0,0.0,0.0,0.0,0.0,0.0,0,0,0,0,0,1
4000.0,0.0,1.0,0.0,0.0,0.0,0.0,0.0,0,0,0,1,0,0
5000.0,0.0,0.0,0.0,0.0,0.0,0.0,0.0,0,0,0,0,1,0
5000.0,0.0,0.0,1.0,0.0,5000.0,0.0,0.0,0,0,0,1,0,0
5000.0,0.0,0.0,0.0,0.0,5000.0,0.0,0.0,0,0,0,0,0,1
0.0,0.0,0.0,1.0,0.0,0.0,0.0,0.0,0,0,0,0,1,0
0.0,0.0,1.0,0.0,0.0,0.0,0.0,0.0,0,0,0,0,0,1
2000.0,0.0,1.0,0.0,0.0,2000.0,0.0,0.0,0,0,0,0,1,0
0.0,0.0,0.0,0.0,0.0,0.0,0.0,0.0,0,0,0,1,0,0
0.0,0.0,1.0,0.0,0.0,0.0,0.0,0.0,0,0,0,0,0,1
3000.0,0.0,1.0,0.0,0.0,3000.0,0.0,0.0,0,0,0,0,0,1
20000.0,0.0,1.0,0.0,0.0,20000.0,0.0,0.0,0,0,0,0,1,0
0.0,0.0,0.0,1.0,0.0,0.0,0.0,0.0,0,0,0,0,0,1
0.0,0.0,1.0,0.0,0.0,0.0,0.0,0.0,0,0,0,0,0,1
0.0,0.0,1.0,1.0,0.0,0.0,0.0,0.0,0,0,0,0,1,0
0.0,0.0,0.0,1.0,0.0,0.0,0.0,0.0,0,0,0,0,1,0
0.0,1.0,0.0,0.0,0.0,0.0,0.0,0.0,0,0,0,0,1,0
0.0,0.0,0.0,0.0,0.0,0.0,0.0,0.0,0,0,0,0,0,1
0.0,0.0,0.0,0.0,0.0,0.0,0.0,0.0,0,0,0,0,1,0
0.0,0.0,0.0,0.0,0.0,0.0,0.0,0.0,0,1,0,0,0,0
120000.0,0.0,0.0,1.0,0.0,120000.0,0.0,0.0,0,1,0,0,0,0
9000.0,0.0,0.0,0.0,0.0,9000.0,0.0,0.0,0,1,0,0,0,0
0.0,0.0,1.0,0.0,1.0,51900.0,944.0,0.0,0,0,0,0,1,0
23000.0,0.0,0.0,1.0,0.0,23000.0,0.0,0.0,0,0,0,0,0,1
5000.0,0.0,0.0,1.0,0.0,5000.0,0.0,0.0,0,0,0,1,0,0
9550.0,0.0,0.0,1.0,0.0,9550.0,0.0,0.0,0,0,0,0,0,1
0.0,0.0,0.0,0.0,0.0,0.0,0.0,0.0,0,0,0,0,0,1
0.0,0.0,0.0,1.0,0.0,0.0,0.0,0.0,0,0,0,0,1,0
0.0,0.0,0.0,0.0,0.0,0.0,0.0,0.0,0,0,0,0,0,1
0.0,1.0,1.0,1.0,0.0,0.0,0.0,0.0,0,0,0,0,0,1
0.0,0.0,0.0,0.0,0.0,0.0,0.0,0.0,0,0,0,0,0,1
0.0,1.0,0.0,0.0,0.0,0.0,0.0,0.0,1,0,0,0,0,0
3000.0,0.0,0.0,0.0,0.0,3000.0,0.0,0.0,0,0,0,0,0,1
0.0,0.0,0.0,1.0,0.0,0.0,0.0,0.0,0,0,0,0,0,1
2050.0,0.0,1.0,0.0,0.0,2050.0,0.0,0.0,0,0,0,0,1,0
5000.0,0.0,0.0,1.0,0.0,5000.0,0.0,0.0,0,0,0,0,1,0
0.0,0.0,0.0,1.0,0.0,0.0,0.0,0.0,0,0,0,0,0,1
1000.0,0.0,0.0,0.0,0.0,1000.0,0.0,0.0,0,0,0,0,0,1
12000.0,0.0,0.0,1.0,0.0,12000.0,0.0,0.0,0,1,0,0,0,0
0.0,0.0,1.0,0.0,0.0,0.0,0.0,0.0,0,0,0,0,0,1
1440.0,0.0,0.0,0.0,0.0,1440.0,0.0,0.0,0,0,0,0,1,0
0.0,1.0,0.0,0.0,0.0,0.0,0.0,0.0,1,0,0,0,0,0
0.0,1.0,0.0,1.0,0.0,0.0,0.0,0.0,0,0,0,0,1,0
0.0,1.0,0.0,0.0,0.0,30000.0,0.0,0.0,0,0,0,0,0,1
0.0,1.0,1.0,1.0,0.0,0.0,0.0,0.0,0,0,0,1,0,0
0.0,1.0,0.0,0.0,0.0,0.0,0.0,0.0,0,0,0,0,1,0
0.0,1.0,0.0,0.0,0.0,0.0,0.0,0.0,0,0,0,0,1,0
0.0,0.0,0.0,1.0,0.0,0.0,0.0,0.0,0,0,0,0,0,1
12000.0,0.0,0.0,1.0,0.0,212000.0,0.0,0.0,0,0,0,1,0,0
4000.0,0.0,0.0,0.0,0.0,4000.0,0.0,0.0,0,0,0,0,0,1
0.0,0.0,0.0,0.0,0.0,0.0,0.0,0.0,0,0,0,1,0,0
0.0,0.0,0.0,0.0,0.0,0.0,0.0,0.0,0,0,0,0,0,1
3000.0,0.0,0.0,0.0,0.0,3000.0,0.0,0.0,0,0,0,0,0,1
0.0,0.0,0.0,0.0,0.0,0.0,0.0,0.0,0,0,0,1,0,0
0.0,1.0,0.0,1.0,1.0,30000.0,1227.0,1600007.0,0,0,0,0,1,0
5000.0,0.0,0.0,0.0,0.0,5000.0,0.0,0.0,0,0,0,0,0,1
0.0,0.0,0.0,0.0,0.0,0.0,0.0,0.0,0,0,0,1,0,0
0.0,0.0,1.0,0.0,0.0,0.0,0.0,0.0,0,0,0,0,0,1
0.0,0.0,1.0,0.0,0.0,0.0,0.0,0.0,0,0,0,0,0,1
7000.0,0.0,0.0,0.0,0.0,7000.0,0.0,0.0,0,0,0,0,1,0
1000.0,0.0,1.0,0.0,0.0,1000.0,0.0,0.0,0,0,0,0,1,0
0.0,0.0,0.0,1.0,0.0,0.0,0.0,0.0,0,0,0,0,1,0
100.0,0.0,0.0,0.0,0.0,210600.0,0.0,270000.0,0,0,0,1,0,0
0.0,0.0,1.0,0.0,0.0,0.0,0.0,0.0,0,0,0,0,1,0
0.0,0.0,0.0,0.0,0.0,0.0,0.0,0.0,0,0,0,0,1,0
0.0,0.0,1.0,0.0,0.0,0.0,0.0,0.0,0,0,0,0,1,0
0.0,0.0,0.0,1.0,0.0,0.0,0.0,0.0,0,0,0,0,1,0
0.0,0.0,0.0,1.0,1.0,0.0,518.0,0.0,0,0,0,0,1,0
0.0,0.0,0.0,0.0,0.0,0.0,0.0,0.0,0,0,0,0,1,0
0.0,0.0,0.0,0.0,1.0,0.0,36.0,0.0,0,0,0,0,0,1
0.0,0.0,0.0,0.0,0.0,1500.0,0.0,0.0,0,0,0,0,1,0
0.0,0.0,0.0,0.0,0.0,0.0,0.0,0.0,0,0,0,0,0,1
2000.0,0.0,0.0,0.0,0.0,2000.0,0.0,0.0,0,0,0,0,0,1
0.0,0.0,0.0,0.0,0.0,0.0,0.0,0.0,1,0,0,0,0,0
0.0,0.0,1.0,0.0,0.0,110000.0,0.0,1617977.0,0,0,0,0,1,0
0.0,0.0,0.0,1.0,0.0,0.0,0.0,0.0,0,0,0,0,0,1
3000.0,0.0,1.0,0.0,0.0,3000.0,0.0,2000.0,0,0,0,0,1,0
1000.0,0.0,0.0,1.0,0.0,1000.0,0.0,0.0,0,0,0,0,1,0
1000.0,0.0,1.0,0.0,0.0,1000.0,0.0,0.0,0,0,0,0,0,1
1000.0,0.0,0.0,0.0,0.0,1000.0,0.0,0.0,0,0,0,0,0,1
0.0,0.0,0.0,0.0,0.0,0.0,0.0,0.0,1,0,0,0,0,0
0.0,0.0,1.0,0.0,1.0,0.0,87.0,0.0,0,1,0,0,0,0
3000.0,0.0,0.0,0.0,0.0,3000.0,0.0,0.0,0,0,0,0,0,1
0.0,1.0,1.0,0.0,1.0,0.0,226.0,0.0,0,0,0,0,1,0
0.0,0.0,1.0,0.0,0.0,0.0,0.0,0.0,0,0,0,0,0,1
0.0,0.0,0.0,0.0,0.0,0.0,0.0,0.0,0,0,0,0,0,1
500.0,0.0,1.0,0.0,0.0,31000.0,0.0,0.0,0,0,0,0,1,0
0.0,0.0,1.0,0.0,0.0,0.0,0.0,0.0,0,0,0,0,0,1
0.0,0.0,1.0,0.0,0.0,0.0,0.0,0.0,0,0,0,0,0,1
8000.0,0.0,1.0,0.0,0.0,8000.0,0.0,0.0,0,0,0,0,0,1
0.0,0.0,1.0,0.0,1.0,0.0,365.0,0.0,0,0,0,0,0,1
0.0,0.0,0.0,1.0,0.0,0.0,0.0,0.0,0,0,0,0,0,1
3600.0,0.0,0.0,0.0,0.0,3600.0,0.0,0.0,0,0,0,0,1,0
0.0,0.0,0.0,1.0,0.0,0.0,0.0,0.0,0,0,0,0,0,1
0.0,0.0,1.0,0.0,0.0,0.0,0.0,0.0,0,0,0,1,0,0
0.0,0.0,0.0,1.0,0.0,0.0,0.0,0.0,0,0,0,0,1,0
3000.0,0.0,0.0,1.0,0.0,3000.0,0.0,0.0,0,0,0,0,0,1
100.0,0.0,0.0,1.0,1.0,100.0,157.0,0.0,1,0,0,0,0,0
0.0,0.0,0.0,0.0,0.0,0.0,0.0,0.0,0,0,0,1,0,0
0.0,0.0,0.0,1.0,0.0,0.0,0.0,0.0,0,0,0,0,0,1
0.0,0.0,0.0,1.0,0.0,0.0,0.0,0.0,0,0,0,0,0,1
0.0,0.0,0.0,0.0,0.0,0.0,0.0,0.0,0,0,0,0,0,1
10000.0,0.0,0.0,0.0,0.0,10000.0,0.0,0.0,0,0,0,0,1,0
0.0,0.0,0.0,1.0,0.0,0.0,0.0,0.0,0,0,0,0,0,1
0.0,0.0,0.0,1.0,1.0,0.0,55.0,0.0,0,0,0,0,0,1
0.0,0.0,0.0,1.0,0.0,20000.0,0.0,0.0,0,0,0,0,1,0
0.0,0.0,0.0,0.0,0.0,0.0,0.0,0.0,0,0,0,0,1,0
0.0,0.0,1.0,0.0,0.0,0.0,0.0,0.0,0,0,0,0,1,0
1000.0,0.0,0.0,0.0,0.0,1000.0,0.0,0.0,0,0,0,0,1,0
0.0,0.0,0.0,0.0,0.0,0.0,0.0,0.0,0,0,0,0,1,0
0.0,1.0,0.0,0.0,0.0,0.0,0.0,0.0,0,0,0,1,0,0
0.0,0.0,1.0,0.0,0.0,0.0,0.0,0.0,0,0,0,0,0,1
0.0,0.0,0.0,0.0,0.0,0.0,0.0,0.0,0,0,0,0,1,0
0.0,0.0,0.0,0.0,0.0,0.0,0.0,0.0,0,0,0,0,0,1
5000.0,0.0,0.0,1.0,0.0,5000.0,0.0,0.0,0,0,0,0,0,1
0.0,0.0,1.0,0.0,0.0,0.0,0.0,261000.0,0,0,0,0,0,1
0.0,0.0,0.0,0.0,0.0,0.0,0.0,0.0,0,0,0,0,0,1
0.0,0.0,1.0,0.0,0.0,0.0,0.0,0.0,0,0,0,1,0,0
0.0,0.0,1.0,0.0,0.0,0.0,0.0,0.0,0,0,0,0,0,1
0.0,0.0,0.0,0.0,0.0,0.0,0.0,0.0,0,0,0,0,0,1
0.0,0.0,0.0,0.0,0.0,0.0,0.0,0.0,0,0,0,0,0,1
0.0,0.0,0.0,1.0,0.0,0.0,0.0,0.0,0,0,0,0,0,1
0.0,1.0,0.0,0.0,0.0,0.0,0.0,0.0,0,0,0,0,1,0
0.0,0.0,0.0,0.0,0.0,0.0,0.0,0.0,0,0,0,0,1,0
0.0,0.0,1.0,0.0,0.0,0.0,0.0,0.0,0,0,0,0,0,1
0.0,0.0,0.0,1.0,0.0,0.0,0.0,0.0,0,0,0,0,0,1
5000.0,0.0,0.0,1.0,0.0,5000.0,0.0,0.0,0,0,0,0,0,1
0.0,0.0,0.0,1.0,0.0,0.0,0.0,0.0,0,0,0,0,0,1
0.0,0.0,0.0,1.0,1.0,0.0,1400.0,0.0,1,0,0,0,0,0
500.0,0.0,0.0,1.0,0.0,500.0,0.0,0.0,1,0,0,0,0,0
0.0,0.0,0.0,1.0,0.0,0.0,0.0,0.0,1,0,0,0,0,0
1000.0,0.0,0.0,0.0,0.0,1000.0,0.0,0.0,1,0,0,0,0,0
0.0,0.0,0.0,0.0,0.0,0.0,0.0,0.0,0,0,0,0,1,0
0.0,0.0,0.0,0.0,0.0,0.0,0.0,0.0,0,1,0,0,0,0
0.0,0.0,0.0,0.0,0.0,0.0,0.0,0.0,0,0,0,0,1,0
0.0,0.0,0.0,0.0,0.0,0.0,0.0,0.0,0,0,0,0,0,1
0.0,0.0,1.0,0.0,0.0,0.0,0.0,0.0,0,0,0,0,0,1
0.0,0.0,0.0,1.0,0.0,0.0,0.0,0.0,0,0,0,0,0,1
500.0,0.0,0.0,0.0,0.0,500.0,0.0,0.0,0,1,0,0,0,0
0.0,0.0,1.0,0.0,0.0,0.0,0.0,0.0,0,0,0,0,1,0
0.0,0.0,0.0,1.0,0.0,0.0,0.0,0.0,0,0,0,0,1,0
0.0,0.0,0.0,0.0,0.0,0.0,0.0,0.0,0,0,0,0,1,0
15000.0,0.0,1.0,0.0,0.0,16000.0,0.0,0.0,0,0,0,0,1,0
0.0,0.0,1.0,0.0,0.0,0.0,0.0,0.0,0,0,0,0,0,1
0.0,0.0,1.0,0.0,0.0,0.0,0.0,0.0,0,0,0,0,0,1
0.0,0.0,1.0,0.0,0.0,0.0,0.0,0.0,0,0,0,0,1,0
1000.0,0.0,0.0,1.0,0.0,1000.0,0.0,0.0,0,1,0,0,0,0
0.0,0.0,0.0,1.0,0.0,0.0,0.0,0.0,0,0,0,1,0,0
8500.0,0.0,0.0,0.0,0.0,8500.0,0.0,0.0,0,0,0,0,1,0
0.0,0.0,0.0,0.0,0.0,0.0,0.0,0.0,0,0,0,0,1,0
0.0,0.0,0.0,1.0,0.0,0.0,0.0,0.0,0,0,0,0,1,0
0.0,0.0,0.0,0.0,0.0,0.0,0.0,0.0,0,1,0,0,0,0
10000.0,0.0,0.0,0.0,0.0,10000.0,0.0,0.0,1,0,0,0,0,0
0.0,0.0,0.0,0.0,0.0,0.0,0.0,0.0,0,0,0,0,1,0
10000.0,0.0,0.0,1.0,0.0,10000.0,0.0,0.0,0,0,0,0,1,0
0.0,0.0,0.0,1.0,0.0,0.0,0.0,0.0,0,0,0,0,1,0
0.0,0.0,0.0,1.0,0.0,9900.0,0.0,0.0,1,0,0,0,0,0
0.0,0.0,0.0,0.0,0.0,0.0,0.0,0.0,0,0,0,0,0,1
0.0,0.0,0.0,1.0,0.0,0.0,0.0,0.0,0,0,0,0,0,1
10000.0,0.0,1.0,0.0,0.0,150000.0,0.0,0.0,0,0,0,0,0,1
500.0,0.0,0.0,0.0,0.0,500.0,0.0,0.0,0,0,0,0,1,0
1000.0,0.0,0.0,1.0,0.0,1000.0,0.0,0.0,0,0,0,0,0,1
0.0,0.0,0.0,0.0,0.0,0.0,0.0,0.0,0,0,0,0,0,1
0.0,0.0,0.0,0.0,0.0,0.0,0.0,0.0,0,0,0,0,0,1
0.0,0.0,1.0,0.0,0.0,0.0,0.0,0.0,0,0,0,0,0,1
0.0,0.0,0.0,0.0,0.0,0.0,0.0,0.0,0,0,0,0,0,1
0.0,0.0,0.0,1.0,0.0,0.0,0.0,0.0,0,0,0,1,0,0
0.0,0.0,0.0,0.0,0.0,0.0,0.0,0.0,0,0,0,1,0,0
0.0,0.0,0.0,0.0,0.0,0.0,0.0,0.0,0,0,0,0,0,1
0.0,0.0,0.0,0.0,0.0,0.0,0.0,0.0,0,0,0,0,1,0
0.0,0.0,0.0,0.0,0.0,0.0,0.0,0.0,0,0,0,0,0,1
3000.0,0.0,0.0,1.0,0.0,3000.0,0.0,0.0,0,0,0,0,0,1
0.0,0.0,1.0,0.0,0.0,0.0,0.0,0.0,0,0,0,0,0,1
300000.0,0.0,1.0,0.0,0.0,300000.0,0.0,0.0,0,0,0,0,0,1
0.0,0.0,0.0,0.0,0.0,0.0,0.0,0.0,1,0,0,0,0,0
0.0,0.0,0.0,0.0,0.0,0.0,0.0,0.0,0,0,0,0,1,0
0.0,0.0,0.0,1.0,0.0,0.0,0.0,0.0,0,0,0,0,1,0
1000.0,0.0,0.0,0.0,0.0,1000.0,0.0,0.0,0,0,0,0,1,0
0.0,0.0,0.0,0.0,0.0,0.0,0.0,0.0,0,0,0,0,1,0
0.0,0.0,0.0,0.0,0.0,0.0,0.0,0.0,0,0,0,0,0,1
0.0,0.0,0.0,0.0,0.0,0.0,0.0,0.0,0,0,0,0,1,0
0.0,0.0,1.0,0.0,1.0,0.0,456.0,3846.0,0,0,0,0,0,1
0.0,0.0,0.0,1.0,0.0,0.0,0.0,0.0,0,0,1,0,0,0
0.0,0.0,0.0,1.0,1.0,0.0,616.0,0.0,0,0,0,1,0,0
1500.0,0.0,1.0,0.0,0.0,1500.0,0.0,0.0,0,0,0,0,1,0
1000.0,0.0,0.0,0.0,0.0,6000.0,0.0,0.0,0,0,0,0,0,1
0.0,0.0,1.0,0.0,0.0,0.0,0.0,0.0,0,0,0,1,0,0
5000.0,0.0,0.0,0.0,0.0,5000.0,0.0,0.0,0,0,0,1,0,0
8880.0,0.0,0.0,0.0,0.0,8880.0,0.0,0.0,0,0,0,0,1,0
2000.0,0.0,0.0,0.0,0.0,2850.0,0.0,0.0,0,0,0,0,1,0
0.0,0.0,0.0,1.0,0.0,10000.0,0.0,0.0,0,0,0,1,0,0
10000.0,0.0,0.0,0.0,0.0,10000.0,0.0,0.0,0,0,0,0,0,1
0.0,0.0,0.0,0.0,0.0,0.0,0.0,0.0,0,0,0,0,0,1
2500.0,0.0,0.0,1.0,0.0,2500.0,0.0,0.0,0,0,0,0,1,0
0.0,0.0,0.0,0.0,0.0,0.0,0.0,0.0,0,0,0,0,0,1
0.0,0.0,0.0,1.0,0.0,0.0,0.0,0.0,0,0,0,0,0,1
0.0,1.0,0.0,0.0,0.0,0.0,0.0,0.0,1,0,0,0,0,0
0.0,0.0,0.0,0.0,0.0,0.0,0.0,0.0,0,0,0,0,1,0
0.0,0.0,0.0,1.0,0.0,0.0,0.0,0.0,1,0,0,0,0,0
1000.0,0.0,0.0,1.0,0.0,1000.0,0.0,0.0,0,0,0,0,1,0
0.0,0.0,0.0,0.0,0.0,0.0,0.0,0.0,0,0,0,0,0,1
0.0,1.0,0.0,0.0,0.0,0.0,0.0,0.0,1,0,0,0,0,0
0.0,0.0,0.0,1.0,0.0,0.0,0.0,0.0,0,0,0,0,0,1
2000.0,0.0,0.0,0.0,0.0,2000.0,0.0,0.0,0,0,0,0,0,1
0.0,0.0,0.0,0.0,0.0,0.0,0.0,0.0,0,0,0,0,0,1
8000.0,0.0,0.0,1.0,0.0,8000.0,0.0,0.0,0,0,0,0,0,1
0.0,0.0,0.0,1.0,0.0,0.0,0.0,0.0,0,0,0,0,0,1
5010.0,0.0,0.0,1.0,0.0,5010.0,0.0,0.0,0,0,0,0,1,0
0.0,0.0,0.0,0.0,0.0,0.0,0.0,0.0,0,0,0,0,0,1
10000.0,0.0,1.0,0.0,0.0,10000.0,0.0,0.0,0,0,0,0,1,0
0.0,0.0,0.0,0.0,0.0,0.0,0.0,0.0,0,0,0,0,1,0
1000.0,0.0,0.0,1.0,0.0,1000.0,0.0,0.0,0,0,0,0,1,0
9000.0,0.0,0.0,0.0,0.0,9000.0,0.0,0.0,0,0,0,0,0,1
0.0,0.0,0.0,0.0,0.0,0.0,0.0,0.0,0,0,0,0,1,0
0.0,0.0,0.0,0.0,0.0,0.0,0.0,0.0,0,0,0,0,0,1
